timestamp,onboard_control_sensors_present,onboard_control_sensors_enabled,onboard_control_sensors_health,arspd_check_level,load_factor_ratio,nav_state,arming_state,hil_state,failsafe,system_type,system_id,component_id,is_rotary_wing,is_vtol,vtol_fw_permanent_stab,in_transition_mode,in_transition_to_fw,rc_signal_lost,rc_input_mode,data_link_lost,data_link_lost_counter,high_latency_data_link_lost,engine_failure,mission_failure,failure_detector_status,aspd_check_failing,aspd_fault_declared,aspd_use_inhibit,aspd_fail_rtl
1000000,262191,2097167,262191,0.0,0.0,0,1,0,0,2,1,1,1,0,0,0,0,1,1,1,0,0,0,0,0,0,0,0,0
1936000,262191,2097167,262191,0.0,0.0,0,1,0,0,2,1,1,1,0,0,0,0,1,1,0,0,0,0,0,0,0,0,0,0
2332000,262191,2097167,262191,0.0,0.0,0,1,0,0,2,1,1,1,0,0,0,0,1,1,0,0,0,0,0,0,0,0,0,0
3328000,262191,2097167,262191,0.0,0.0,0,1,0,0,2,1,1,1,0,0,0,0,1,1,0,0,0,0,0,0,0,0,0,0
3844000,262191,2097167,262191,0.0,0.0,0,1,0,0,2,1,1,1,0,0,0,0,1,1,0,0,0,0,0,0,0,0,0,0
4852000,262191,2097167,262191,0.0,0.0,0,1,0,0,2,1,1,1,0,0,0,0,1,1,0,0,0,0,0,0,0,0,0,0
5020000,262191,2097167,262191,0.0,0.0,0,1,0,0,2,1,1,1,0,0,0,0,1,1,0,0,0,0,0,0,0,0,0,0
6028000,262191,2097167,262191,0.0,0.0,0,1,0,0,2,1,1,1,0,0,0,0,1,1,0,0,0,0,0,0,0,0,0,0
7036000,262191,2097167,262191,0.0,0.0,0,1,0,0,2,1,1,1,0,0,0,0,1,1,0,0,0,0,0,0,0,0,0,0
8044000,262191,2097167,262191,0.0,0.0,0,1,0,0,2,1,1,1,0,0,0,0,1,1,0,0,0,0,0,0,0,0,0,0
9052000,262191,2097167,262191,0.0,0.0,0,1,0,0,2,1,1,1,0,0,0,0,1,1,0,0,0,0,0,0,0,0,0,0
10060000,262191,2097167,262191,0.0,0.0,0,1,0,0,2,1,1,1,0,0,0,0,1,1,0,0,0,0,0,0,0,0,0,0
11068000,262191,2097167,262191,0.0,0.0,0,1,0,0,2,1,1,1,0,0,0,0,1,1,0,0,0,0,0,0,0,0,0,0
12076000,262191,2097167,262191,0.0,0.0,0,1,0,0,2,1,1,1,0,0,0,0,1,1,0,0,0,0,0,0,0,0,0,0
12160000,262191,2097167,2359343,0.0,0.0,0,1,0,0,2,1,1,1,0,0,0,0,1,1,0,0,0,0,0,0,0,0,0,0
12172000,262191,2097167,2359343,0.0,0.0,4,1,0,0,2,1,1,1,0,0,0,0,1,1,0,0,0,0,0,0,0,0,0,0
13180000,262191,2097167,2359343,0.0,0.0,4,1,0,0,2,1,1,1,0,0,0,0,1,1,0,0,0,0,0,0,0,0,0,0
14188000,262191,2097167,2359343,0.0,0.0,4,1,0,0,2,1,1,1,0,0,0,0,1,1,0,0,0,0,0,0,0,0,0,0
15196000,262191,2097167,2359343,0.0,0.0,4,1,0,0,2,1,1,1,0,0,0,0,1,1,0,0,0,0,0,0,0,0,0,0
16203999,262191,2097167,2359343,0.0,0.0,4,1,0,0,2,1,1,1,0,0,0,0,1,1,0,0,0,0,0,0,0,0,0,0
17212000,262191,2097167,2359343,0.0,0.0,4,1,0,0,2,1,1,1,0,0,0,0,1,1,0,0,0,0,0,0,0,0,0,0
18220000,262191,2097167,2359343,0.0,0.0,4,1,0,0,2,1,1,1,0,0,0,0,1,1,0,0,0,0,0,0,0,0,0,0
19228000,262191,2097167,2359343,0.0,0.0,4,1,0,0,2,1,1,1,0,0,0,0,1,1,0,0,0,0,0,0,0,0,0,0
20236000,262191,2097167,2359343,0.0,0.0,4,1,0,0,2,1,1,1,0,0,0,0,1,1,0,0,0,0,0,0,0,0,0,0
21244000,262191,2097167,2359343,0.0,0.0,4,1,0,0,2,1,1,1,0,0,0,0,1,1,0,0,0,0,0,0,0,0,0,0
22252000,262191,2097167,2359343,0.0,0.0,4,1,0,0,2,1,1,1,0,0,0,0,1,1,0,0,0,0,0,0,0,0,0,0
23260000,262191,2097167,2359343,0.0,0.0,4,1,0,0,2,1,1,1,0,0,0,0,1,1,0,0,0,0,0,0,0,0,0,0
24268000,262191,2097167,2359343,0.0,0.0,4,1,0,0,2,1,1,1,0,0,0,0,1,1,0,0,0,0,0,0,0,0,0,0
25276000,262191,2097167,2359343,0.0,0.0,4,1,0,0,2,1,1,1,0,0,0,0,1,1,0,0,0,0,0,0,0,0,0,0
26284000,262191,2097167,2359343,0.0,0.0,4,1,0,0,2,1,1,1,0,0,0,0,1,1,0,0,0,0,0,0,0,0,0,0
27292000,262191,2097167,2359343,0.0,0.0,4,1,0,0,2,1,1,1,0,0,0,0,1,1,0,0,0,0,0,0,0,0,0,0
28300000,262191,2097167,2359343,0.0,0.0,4,1,0,0,2,1,1,1,0,0,0,0,1,1,0,0,0,0,0,0,0,0,0,0
29308000,262191,2097167,2359343,0.0,0.0,4,1,0,0,2,1,1,1,0,0,0,0,1,1,0,0,0,0,0,0,0,0,0,0
30316000,262191,2097167,2359343,0.0,0.0,4,1,0,0,2,1,1,1,0,0,0,0,1,1,0,0,0,0,0,0,0,0,0,0
31324000,262191,2097167,2359343,0.0,0.0,4,1,0,0,2,1,1,1,0,0,0,0,1,1,0,0,0,0,0,0,0,0,0,0
32332000,262191,2097167,2359343,0.0,0.0,4,1,0,0,2,1,1,1,0,0,0,0,1,1,0,0,0,0,0,0,0,0,0,0
33340000,262191,2097167,2359343,0.0,0.0,4,1,0,0,2,1,1,1,0,0,0,0,1,1,0,0,0,0,0,0,0,0,0,0
34348000,262191,2097167,2359343,0.0,0.0,4,1,0,0,2,1,1,1,0,0,0,0,1,1,0,0,0,0,0,0,0,0,0,0
35356000,262191,2097167,2359343,0.0,0.0,4,1,0,0,2,1,1,1,0,0,0,0,1,1,0,0,0,0,0,0,0,0,0,0
36364000,262191,2097167,2359343,0.0,0.0,4,1,0,0,2,1,1,1,0,0,0,0,1,1,0,0,0,0,0,0,0,0,0,0
37372000,262191,2097167,2359343,0.0,0.0,4,1,0,0,2,1,1,1,0,0,0,0,1,1,0,0,0,0,0,0,0,0,0,0
38380000,262191,2097167,2359343,0.0,0.0,4,1,0,0,2,1,1,1,0,0,0,0,1,1,0,0,0,0,0,0,0,0,0,0
39388000,262191,2097167,2359343,0.0,0.0,4,1,0,0,2,1,1,1,0,0,0,0,1,1,0,0,0,0,0,0,0,0,0,0
40396000,262191,2097167,2359343,0.0,0.0,4,1,0,0,2,1,1,1,0,0,0,0,1,1,0,0,0,0,0,0,0,0,0,0
41404000,262191,2097167,2359343,0.0,0.0,4,1,0,0,2,1,1,1,0,0,0,0,1,1,0,0,0,0,0,0,0,0,0,0
42412000,262191,2097167,2359343,0.0,0.0,4,1,0,0,2,1,1,1,0,0,0,0,1,1,0,0,0,0,0,0,0,0,0,0
43420000,262191,2097167,2359343,0.0,0.0,4,1,0,0,2,1,1,1,0,0,0,0,1,1,0,0,0,0,0,0,0,0,0,0
44428000,262191,2097167,2359343,0.0,0.0,4,1,0,0,2,1,1,1,0,0,0,0,1,1,0,0,0,0,0,0,0,0,0,0
45436000,262191,2097167,2359343,0.0,0.0,4,1,0,0,2,1,1,1,0,0,0,0,1,1,0,0,0,0,0,0,0,0,0,0
46444000,262191,2097167,2359343,0.0,0.0,4,1,0,0,2,1,1,1,0,0,0,0,1,1,0,0,0,0,0,0,0,0,0,0
47452000,262191,2097167,2359343,0.0,0.0,4,1,0,0,2,1,1,1,0,0,0,0,1,1,0,0,0,0,0,0,0,0,0,0
48460000,262191,2097167,2359343,0.0,0.0,4,1,0,0,2,1,1,1,0,0,0,0,1,1,0,0,0,0,0,0,0,0,0,0
49468000,262191,2097167,2359343,0.0,0.0,4,1,0,0,2,1,1,1,0,0,0,0,1,1,0,0,0,0,0,0,0,0,0,0
50476000,262191,2097167,2359343,0.0,0.0,4,1,0,0,2,1,1,1,0,0,0,0,1,1,0,0,0,0,0,0,0,0,0,0
51484000,262191,2097167,2359343,0.0,0.0,4,1,0,0,2,1,1,1,0,0,0,0,1,1,0,0,0,0,0,0,0,0,0,0
52492000,262191,2097167,2359343,0.0,0.0,4,1,0,0,2,1,1,1,0,0,0,0,1,1,0,0,0,0,0,0,0,0,0,0
53500000,262191,2097167,2359343,0.0,0.0,4,1,0,0,2,1,1,1,0,0,0,0,1,1,0,0,0,0,0,0,0,0,0,0
54508000,262191,2097167,2359343,0.0,0.0,4,1,0,0,2,1,1,1,0,0,0,0,1,1,0,0,0,0,0,0,0,0,0,0
55516000,262191,2097167,2359343,0.0,0.0,4,1,0,0,2,1,1,1,0,0,0,0,1,1,0,0,0,0,0,0,0,0,0,0
56524000,262191,2097167,2359343,0.0,0.0,4,1,0,0,2,1,1,1,0,0,0,0,1,1,0,0,0,0,0,0,0,0,0,0
57532000,262191,2097167,2359343,0.0,0.0,4,1,0,0,2,1,1,1,0,0,0,0,1,1,0,0,0,0,0,0,0,0,0,0
58540000,262191,2097167,2359343,0.0,0.0,4,1,0,0,2,1,1,1,0,0,0,0,1,1,0,0,0,0,0,0,0,0,0,0
59548000,262191,2097167,2359343,0.0,0.0,4,1,0,0,2,1,1,1,0,0,0,0,1,1,0,0,0,0,0,0,0,0,0,0
60556000,262191,2097167,2359343,0.0,0.0,4,1,0,0,2,1,1,1,0,0,0,0,1,1,0,0,0,0,0,0,0,0,0,0
61564000,262191,2097167,2359343,0.0,0.0,4,1,0,0,2,1,1,1,0,0,0,0,1,1,0,0,0,0,0,0,0,0,0,0
62572000,262191,2097167,2359343,0.0,0.0,4,1,0,0,2,1,1,1,0,0,0,0,1,1,0,0,0,0,0,0,0,0,0,0
63580000,262191,2097167,2359343,0.0,0.0,4,1,0,0,2,1,1,1,0,0,0,0,1,1,0,0,0,0,0,0,0,0,0,0
64588000,262191,2097167,2359343,0.0,0.0,4,1,0,0,2,1,1,1,0,0,0,0,1,1,0,0,0,0,0,0,0,0,0,0
65595999,262191,2097167,2359343,0.0,0.0,4,1,0,0,2,1,1,1,0,0,0,0,1,1,0,0,0,0,0,0,0,0,0,0
66604000,262191,2097167,2359343,0.0,0.0,4,1,0,0,2,1,1,1,0,0,0,0,1,1,0,0,0,0,0,0,0,0,0,0
67612000,262191,2097167,2359343,0.0,0.0,4,1,0,0,2,1,1,1,0,0,0,0,1,1,0,0,0,0,0,0,0,0,0,0
68612000,262191,2097167,2359343,0.0,0.0,4,1,0,0,2,1,1,1,0,0,0,0,1,1,0,0,0,0,0,0,0,0,0,0
69620000,262191,2097167,2359343,0.0,0.0,4,1,0,0,2,1,1,1,0,0,0,0,1,1,0,0,0,0,0,0,0,0,0,0
70628000,262191,2097167,2359343,0.0,0.0,4,1,0,0,2,1,1,1,0,0,0,0,1,1,0,0,0,0,0,0,0,0,0,0
71636000,262191,2097167,2359343,0.0,0.0,4,1,0,0,2,1,1,1,0,0,0,0,1,1,0,0,0,0,0,0,0,0,0,0
72644000,262191,2097167,2359343,0.0,0.0,4,1,0,0,2,1,1,1,0,0,0,0,1,1,0,0,0,0,0,0,0,0,0,0
73652000,262191,2097167,2359343,0.0,0.0,4,1,0,0,2,1,1,1,0,0,0,0,1,1,0,0,0,0,0,0,0,0,0,0
74660000,262191,2097167,2359343,0.0,0.0,4,1,0,0,2,1,1,1,0,0,0,0,1,1,0,0,0,0,0,0,0,0,0,0
75668000,262191,2097167,2359343,0.0,0.0,4,1,0,0,2,1,1,1,0,0,0,0,1,1,0,0,0,0,0,0,0,0,0,0
76676000,262191,2097167,2359343,0.0,0.0,4,1,0,0,2,1,1,1,0,0,0,0,1,1,0,0,0,0,0,0,0,0,0,0
77684000,262191,2097167,2359343,0.0,0.0,4,1,0,0,2,1,1,1,0,0,0,0,1,1,0,0,0,0,0,0,0,0,0,0
78692000,262191,2097167,2359343,0.0,0.0,4,1,0,0,2,1,1,1,0,0,0,0,1,1,0,0,0,0,0,0,0,0,0,0
79700000,262191,2097167,2359343,0.0,0.0,4,1,0,0,2,1,1,1,0,0,0,0,1,1,0,0,0,0,0,0,0,0,0,0
80708000,262191,2097167,2359343,0.0,0.0,4,1,0,0,2,1,1,1,0,0,0,0,1,1,0,0,0,0,0,0,0,0,0,0
81716000,262191,2097167,2359343,0.0,0.0,4,1,0,0,2,1,1,1,0,0,0,0,1,1,0,0,0,0,0,0,0,0,0,0
82724000,262191,2097167,2359343,0.0,0.0,4,1,0,0,2,1,1,1,0,0,0,0,1,1,0,0,0,0,0,0,0,0,0,0
83732000,262191,2097167,2359343,0.0,0.0,4,1,0,0,2,1,1,1,0,0,0,0,1,1,0,0,0,0,0,0,0,0,0,0
84740000,262191,2097167,2359343,0.0,0.0,4,1,0,0,2,1,1,1,0,0,0,0,1,1,0,0,0,0,0,0,0,0,0,0
85748000,262191,2097167,2359343,0.0,0.0,4,1,0,0,2,1,1,1,0,0,0,0,1,1,0,0,0,0,0,0,0,0,0,0
86756000,262191,2097167,2359343,0.0,0.0,4,1,0,0,2,1,1,1,0,0,0,0,1,1,0,0,0,0,0,0,0,0,0,0
87764000,262191,2097167,2359343,0.0,0.0,4,1,0,0,2,1,1,1,0,0,0,0,1,1,0,0,0,0,0,0,0,0,0,0
88772000,262191,2097167,2359343,0.0,0.0,4,1,0,0,2,1,1,1,0,0,0,0,1,1,0,0,0,0,0,0,0,0,0,0
89780000,262191,2097167,2359343,0.0,0.0,4,1,0,0,2,1,1,1,0,0,0,0,1,1,0,0,0,0,0,0,0,0,0,0
90788000,262191,2097167,2359343,0.0,0.0,4,1,0,0,2,1,1,1,0,0,0,0,1,1,0,0,0,0,0,0,0,0,0,0
91796000,262191,2097167,2359343,0.0,0.0,4,1,0,0,2,1,1,1,0,0,0,0,1,1,0,0,0,0,0,0,0,0,0,0
92804000,262191,2097167,2359343,0.0,0.0,4,1,0,0,2,1,1,1,0,0,0,0,1,1,0,0,0,0,0,0,0,0,0,0
93812000,262191,2097167,2359343,0.0,0.0,4,1,0,0,2,1,1,1,0,0,0,0,1,1,0,0,0,0,0,0,0,0,0,0
94820000,262191,2097167,2359343,0.0,0.0,4,1,0,0,2,1,1,1,0,0,0,0,1,1,0,0,0,0,0,0,0,0,0,0
95828000,262191,2097167,2359343,0.0,0.0,4,1,0,0,2,1,1,1,0,0,0,0,1,1,0,0,0,0,0,0,0,0,0,0
96836000,262191,2097167,2359343,0.0,0.0,4,1,0,0,2,1,1,1,0,0,0,0,1,1,0,0,0,0,0,0,0,0,0,0
97844000,262191,2097167,2359343,0.0,0.0,4,1,0,0,2,1,1,1,0,0,0,0,1,1,0,0,0,0,0,0,0,0,0,0
98844000,262191,2097167,2359343,0.0,0.0,4,1,0,0,2,1,1,1,0,0,0,0,1,1,0,0,0,0,0,0,0,0,0,0
99852000,262191,2097167,2359343,0.0,0.0,4,1,0,0,2,1,1,1,0,0,0,0,1,1,0,0,0,0,0,0,0,0,0,0
100860000,262191,2097167,2359343,0.0,0.0,4,1,0,0,2,1,1,1,0,0,0,0,1,1,0,0,0,0,0,0,0,0,0,0
101868000,262191,2097167,2359343,0.0,0.0,4,1,0,0,2,1,1,1,0,0,0,0,1,1,0,0,0,0,0,0,0,0,0,0
102876000,262191,2097167,2359343,0.0,0.0,4,1,0,0,2,1,1,1,0,0,0,0,1,1,0,0,0,0,0,0,0,0,0,0
103884000,262191,2097167,2359343,0.0,0.0,4,1,0,0,2,1,1,1,0,0,0,0,1,1,0,0,0,0,0,0,0,0,0,0
104892000,262191,2097167,2359343,0.0,0.0,4,1,0,0,2,1,1,1,0,0,0,0,1,1,0,0,0,0,0,0,0,0,0,0
105900000,262191,2097167,2359343,0.0,0.0,4,1,0,0,2,1,1,1,0,0,0,0,1,1,0,0,0,0,0,0,0,0,0,0
106908000,262191,2097167,2359343,0.0,0.0,4,1,0,0,2,1,1,1,0,0,0,0,1,1,0,0,0,0,0,0,0,0,0,0
107916000,262191,2097167,2359343,0.0,0.0,4,1,0,0,2,1,1,1,0,0,0,0,1,1,0,0,0,0,0,0,0,0,0,0
108924000,262191,2097167,2359343,0.0,0.0,4,1,0,0,2,1,1,1,0,0,0,0,1,1,0,0,0,0,0,0,0,0,0,0
109932000,262191,2097167,2359343,0.0,0.0,4,1,0,0,2,1,1,1,0,0,0,0,1,1,0,0,0,0,0,0,0,0,0,0
110940000,262191,2097167,2359343,0.0,0.0,4,1,0,0,2,1,1,1,0,0,0,0,1,1,0,0,0,0,0,0,0,0,0,0
111948000,262191,2097167,2359343,0.0,0.0,4,1,0,0,2,1,1,1,0,0,0,0,1,1,0,0,0,0,0,0,0,0,0,0
112956000,262191,2097167,2359343,0.0,0.0,4,1,0,0,2,1,1,1,0,0,0,0,1,1,0,0,0,0,0,0,0,0,0,0
113964000,262191,2097167,2359343,0.0,0.0,4,1,0,0,2,1,1,1,0,0,0,0,1,1,0,0,0,0,0,0,0,0,0,0
114972000,262191,2097167,2359343,0.0,0.0,4,1,0,0,2,1,1,1,0,0,0,0,1,1,0,0,0,0,0,0,0,0,0,0
115980000,262191,2097167,2359343,0.0,0.0,4,1,0,0,2,1,1,1,0,0,0,0,1,1,0,0,0,0,0,0,0,0,0,0
116988000,262191,2097167,2359343,0.0,0.0,4,1,0,0,2,1,1,1,0,0,0,0,1,1,0,0,0,0,0,0,0,0,0,0
117996000,262191,2097167,2359343,0.0,0.0,4,1,0,0,2,1,1,1,0,0,0,0,1,1,0,0,0,0,0,0,0,0,0,0
119004000,262191,2097167,2359343,0.0,0.0,4,1,0,0,2,1,1,1,0,0,0,0,1,1,0,0,0,0,0,0,0,0,0,0
120012000,262191,2097167,2359343,0.0,0.0,4,1,0,0,2,1,1,1,0,0,0,0,1,1,0,0,0,0,0,0,0,0,0,0
121020000,262191,2097167,2359343,0.0,0.0,4,1,0,0,2,1,1,1,0,0,0,0,1,1,0,0,0,0,0,0,0,0,0,0
122028000,262191,2097167,2359343,0.0,0.0,4,1,0,0,2,1,1,1,0,0,0,0,1,1,0,0,0,0,0,0,0,0,0,0
123036000,262191,2097167,2359343,0.0,0.0,4,1,0,0,2,1,1,1,0,0,0,0,1,1,0,0,0,0,0,0,0,0,0,0
124044000,262191,2097167,2359343,0.0,0.0,4,1,0,0,2,1,1,1,0,0,0,0,1,1,0,0,0,0,0,0,0,0,0,0
125052000,262191,2097167,2359343,0.0,0.0,4,1,0,0,2,1,1,1,0,0,0,0,1,1,0,0,0,0,0,0,0,0,0,0
126060000,262191,2097167,2359343,0.0,0.0,4,1,0,0,2,1,1,1,0,0,0,0,1,1,0,0,0,0,0,0,0,0,0,0
127068000,262191,2097167,2359343,0.0,0.0,4,1,0,0,2,1,1,1,0,0,0,0,1,1,0,0,0,0,0,0,0,0,0,0
128076000,262191,2097167,2359343,0.0,0.0,4,1,0,0,2,1,1,1,0,0,0,0,1,1,0,0,0,0,0,0,0,0,0,0
129084000,262191,2097167,2359343,0.0,0.0,4,1,0,0,2,1,1,1,0,0,0,0,1,1,0,0,0,0,0,0,0,0,0,0
130092000,262191,2097167,2359343,0.0,0.0,4,1,0,0,2,1,1,1,0,0,0,0,1,1,0,0,0,0,0,0,0,0,0,0
131100000,262191,2097167,2359343,0.0,0.0,4,1,0,0,2,1,1,1,0,0,0,0,1,1,0,0,0,0,0,0,0,0,0,0
132108000,262191,2097167,2359343,0.0,0.0,4,1,0,0,2,1,1,1,0,0,0,0,1,1,0,0,0,0,0,0,0,0,0,0
133116000,262191,2097167,2359343,0.0,0.0,4,1,0,0,2,1,1,1,0,0,0,0,1,1,0,0,0,0,0,0,0,0,0,0
134123999,262191,2097167,2359343,0.0,0.0,4,1,0,0,2,1,1,1,0,0,0,0,1,1,0,0,0,0,0,0,0,0,0,0
135132000,262191,2097167,2359343,0.0,0.0,4,1,0,0,2,1,1,1,0,0,0,0,1,1,0,0,0,0,0,0,0,0,0,0
136140000,262191,2097167,2359343,0.0,0.0,4,1,0,0,2,1,1,1,0,0,0,0,1,1,0,0,0,0,0,0,0,0,0,0
137148000,262191,2097167,2359343,0.0,0.0,4,1,0,0,2,1,1,1,0,0,0,0,1,1,0,0,0,0,0,0,0,0,0,0
138156000,262191,2097167,2359343,0.0,0.0,4,1,0,0,2,1,1,1,0,0,0,0,1,1,0,0,0,0,0,0,0,0,0,0
139164000,262191,2097167,2359343,0.0,0.0,4,1,0,0,2,1,1,1,0,0,0,0,1,1,0,0,0,0,0,0,0,0,0,0
140172000,262191,2097167,2359343,0.0,0.0,4,1,0,0,2,1,1,1,0,0,0,0,1,1,0,0,0,0,0,0,0,0,0,0
141180000,262191,2097167,2359343,0.0,0.0,4,1,0,0,2,1,1,1,0,0,0,0,1,1,0,0,0,0,0,0,0,0,0,0
142188000,262191,2097167,2359343,0.0,0.0,4,1,0,0,2,1,1,1,0,0,0,0,1,1,0,0,0,0,0,0,0,0,0,0
143196000,262191,2097167,2359343,0.0,0.0,4,1,0,0,2,1,1,1,0,0,0,0,1,1,0,0,0,0,0,0,0,0,0,0
144204000,262191,2097167,2359343,0.0,0.0,4,1,0,0,2,1,1,1,0,0,0,0,1,1,0,0,0,0,0,0,0,0,0,0
145212000,262191,2097167,2359343,0.0,0.0,4,1,0,0,2,1,1,1,0,0,0,0,1,1,0,0,0,0,0,0,0,0,0,0
146220000,262191,2097167,2359343,0.0,0.0,4,1,0,0,2,1,1,1,0,0,0,0,1,1,0,0,0,0,0,0,0,0,0,0
147228000,262191,2097167,2359343,0.0,0.0,4,1,0,0,2,1,1,1,0,0,0,0,1,1,0,0,0,0,0,0,0,0,0,0
148236000,262191,2097167,2359343,0.0,0.0,4,1,0,0,2,1,1,1,0,0,0,0,1,1,0,0,0,0,0,0,0,0,0,0
149244000,262191,2097167,2359343,0.0,0.0,4,1,0,0,2,1,1,1,0,0,0,0,1,1,0,0,0,0,0,0,0,0,0,0
150252000,262191,2097167,2359343,0.0,0.0,4,1,0,0,2,1,1,1,0,0,0,0,1,1,0,0,0,0,0,0,0,0,0,0
151260000,262191,2097167,2359343,0.0,0.0,4,1,0,0,2,1,1,1,0,0,0,0,1,1,0,0,0,0,0,0,0,0,0,0
152268000,262191,2097167,2359343,0.0,0.0,4,1,0,0,2,1,1,1,0,0,0,0,1,1,0,0,0,0,0,0,0,0,0,0
153276000,262191,2097167,2359343,0.0,0.0,4,1,0,0,2,1,1,1,0,0,0,0,1,1,0,0,0,0,0,0,0,0,0,0
154284000,262191,2097167,2359343,0.0,0.0,4,1,0,0,2,1,1,1,0,0,0,0,1,1,0,0,0,0,0,0,0,0,0,0
155292000,262191,2097167,2359343,0.0,0.0,4,1,0,0,2,1,1,1,0,0,0,0,1,1,0,0,0,0,0,0,0,0,0,0
156300000,262191,2097167,2359343,0.0,0.0,4,1,0,0,2,1,1,1,0,0,0,0,1,1,0,0,0,0,0,0,0,0,0,0
157308000,262191,2097167,2359343,0.0,0.0,4,1,0,0,2,1,1,1,0,0,0,0,1,1,0,0,0,0,0,0,0,0,0,0
158316000,262191,2097167,2359343,0.0,0.0,4,1,0,0,2,1,1,1,0,0,0,0,1,1,0,0,0,0,0,0,0,0,0,0
159324000,262191,2097167,2359343,0.0,0.0,4,1,0,0,2,1,1,1,0,0,0,0,1,1,0,0,0,0,0,0,0,0,0,0
160332000,262191,2097167,2359343,0.0,0.0,4,1,0,0,2,1,1,1,0,0,0,0,1,1,0,0,0,0,0,0,0,0,0,0
161340000,262191,2097167,2359343,0.0,0.0,4,1,0,0,2,1,1,1,0,0,0,0,1,1,0,0,0,0,0,0,0,0,0,0
162348000,262191,2097167,2359343,0.0,0.0,4,1,0,0,2,1,1,1,0,0,0,0,1,1,0,0,0,0,0,0,0,0,0,0
163356000,262191,2097167,2359343,0.0,0.0,4,1,0,0,2,1,1,1,0,0,0,0,1,1,0,0,0,0,0,0,0,0,0,0
164364000,262191,2097167,2359343,0.0,0.0,4,1,0,0,2,1,1,1,0,0,0,0,1,1,0,0,0,0,0,0,0,0,0,0
165372000,262191,2097167,2359343,0.0,0.0,4,1,0,0,2,1,1,1,0,0,0,0,1,1,0,0,0,0,0,0,0,0,0,0
166380000,262191,2097167,2359343,0.0,0.0,4,1,0,0,2,1,1,1,0,0,0,0,1,1,0,0,0,0,0,0,0,0,0,0
167388000,262191,2097167,2359343,0.0,0.0,4,1,0,0,2,1,1,1,0,0,0,0,1,1,0,0,0,0,0,0,0,0,0,0
168396000,262191,2097167,2359343,0.0,0.0,4,1,0,0,2,1,1,1,0,0,0,0,1,1,0,0,0,0,0,0,0,0,0,0
169404000,262191,2097167,2359343,0.0,0.0,4,1,0,0,2,1,1,1,0,0,0,0,1,1,0,0,0,0,0,0,0,0,0,0
170412000,262191,2097167,2359343,0.0,0.0,4,1,0,0,2,1,1,1,0,0,0,0,1,1,0,0,0,0,0,0,0,0,0,0
171420000,262191,2097167,2359343,0.0,0.0,4,1,0,0,2,1,1,1,0,0,0,0,1,1,0,0,0,0,0,0,0,0,0,0
172428000,262191,2097167,2359343,0.0,0.0,4,1,0,0,2,1,1,1,0,0,0,0,1,1,0,0,0,0,0,0,0,0,0,0
173436000,262191,2097167,2359343,0.0,0.0,4,1,0,0,2,1,1,1,0,0,0,0,1,1,0,0,0,0,0,0,0,0,0,0
174444000,262191,2097167,2359343,0.0,0.0,4,1,0,0,2,1,1,1,0,0,0,0,1,1,0,0,0,0,0,0,0,0,0,0
175452000,262191,2097167,2359343,0.0,0.0,4,1,0,0,2,1,1,1,0,0,0,0,1,1,0,0,0,0,0,0,0,0,0,0
176460000,262191,2097167,2359343,0.0,0.0,4,1,0,0,2,1,1,1,0,0,0,0,1,1,0,0,0,0,0,0,0,0,0,0
177468000,262191,2097167,2359343,0.0,0.0,4,1,0,0,2,1,1,1,0,0,0,0,1,1,0,0,0,0,0,0,0,0,0,0
178476000,262191,2097167,2359343,0.0,0.0,4,1,0,0,2,1,1,1,0,0,0,0,1,1,0,0,0,0,0,0,0,0,0,0
179484000,262191,2097167,2359343,0.0,0.0,4,1,0,0,2,1,1,1,0,0,0,0,1,1,0,0,0,0,0,0,0,0,0,0
180492000,262191,2097167,2359343,0.0,0.0,4,1,0,0,2,1,1,1,0,0,0,0,1,1,0,0,0,0,0,0,0,0,0,0
181500000,262191,2097167,2359343,0.0,0.0,4,1,0,0,2,1,1,1,0,0,0,0,1,1,0,0,0,0,0,0,0,0,0,0
182508000,262191,2097167,2359343,0.0,0.0,4,1,0,0,2,1,1,1,0,0,0,0,1,1,0,0,0,0,0,0,0,0,0,0
183516000,262191,2097167,2359343,0.0,0.0,4,1,0,0,2,1,1,1,0,0,0,0,1,1,0,0,0,0,0,0,0,0,0,0
184524000,262191,2097167,2359343,0.0,0.0,4,1,0,0,2,1,1,1,0,0,0,0,1,1,0,0,0,0,0,0,0,0,0,0
185532000,262191,2097167,2359343,0.0,0.0,4,1,0,0,2,1,1,1,0,0,0,0,1,1,0,0,0,0,0,0,0,0,0,0
186540000,262191,2097167,2359343,0.0,0.0,4,1,0,0,2,1,1,1,0,0,0,0,1,1,0,0,0,0,0,0,0,0,0,0
187548000,262191,2097167,2359343,0.0,0.0,4,1,0,0,2,1,1,1,0,0,0,0,1,1,0,0,0,0,0,0,0,0,0,0
188556000,262191,2097167,2359343,0.0,0.0,4,1,0,0,2,1,1,1,0,0,0,0,1,1,0,0,0,0,0,0,0,0,0,0
189564000,262191,2097167,2359343,0.0,0.0,4,1,0,0,2,1,1,1,0,0,0,0,1,1,0,0,0,0,0,0,0,0,0,0
190572000,262191,2097167,2359343,0.0,0.0,4,1,0,0,2,1,1,1,0,0,0,0,1,1,0,0,0,0,0,0,0,0,0,0
191580000,262191,2097167,2359343,0.0,0.0,4,1,0,0,2,1,1,1,0,0,0,0,1,1,0,0,0,0,0,0,0,0,0,0
192588000,262191,2097167,2359343,0.0,0.0,4,1,0,0,2,1,1,1,0,0,0,0,1,1,0,0,0,0,0,0,0,0,0,0
193596000,262191,2097167,2359343,0.0,0.0,4,1,0,0,2,1,1,1,0,0,0,0,1,1,0,0,0,0,0,0,0,0,0,0
194604000,262191,2097167,2359343,0.0,0.0,4,1,0,0,2,1,1,1,0,0,0,0,1,1,0,0,0,0,0,0,0,0,0,0
195604000,262191,2097167,2359343,0.0,0.0,4,1,0,0,2,1,1,1,0,0,0,0,1,1,0,0,0,0,0,0,0,0,0,0
196612000,262191,2097167,2359343,0.0,0.0,4,1,0,0,2,1,1,1,0,0,0,0,1,1,0,0,0,0,0,0,0,0,0,0
197620000,262191,2097167,2359343,0.0,0.0,4,1,0,0,2,1,1,1,0,0,0,0,1,1,0,0,0,0,0,0,0,0,0,0
198628000,262191,2097167,2359343,0.0,0.0,4,1,0,0,2,1,1,1,0,0,0,0,1,1,0,0,0,0,0,0,0,0,0,0
199636000,262191,2097167,2359343,0.0,0.0,4,1,0,0,2,1,1,1,0,0,0,0,1,1,0,0,0,0,0,0,0,0,0,0
200644000,262191,2097167,2359343,0.0,0.0,4,1,0,0,2,1,1,1,0,0,0,0,1,1,0,0,0,0,0,0,0,0,0,0
201652000,262191,2097167,2359343,0.0,0.0,4,1,0,0,2,1,1,1,0,0,0,0,1,1,0,0,0,0,0,0,0,0,0,0
202660000,262191,2097167,2359343,0.0,0.0,4,1,0,0,2,1,1,1,0,0,0,0,1,1,0,0,0,0,0,0,0,0,0,0
203668000,262191,2097167,2359343,0.0,0.0,4,1,0,0,2,1,1,1,0,0,0,0,1,1,0,0,0,0,0,0,0,0,0,0
204676000,262191,2097167,2359343,0.0,0.0,4,1,0,0,2,1,1,1,0,0,0,0,1,1,0,0,0,0,0,0,0,0,0,0
205684000,262191,2097167,2359343,0.0,0.0,4,1,0,0,2,1,1,1,0,0,0,0,1,1,0,0,0,0,0,0,0,0,0,0
206692000,262191,2097167,2359343,0.0,0.0,4,1,0,0,2,1,1,1,0,0,0,0,1,1,0,0,0,0,0,0,0,0,0,0
207700000,262191,2097167,2359343,0.0,0.0,4,1,0,0,2,1,1,1,0,0,0,0,1,1,0,0,0,0,0,0,0,0,0,0
208708000,262191,2097167,2359343,0.0,0.0,4,1,0,0,2,1,1,1,0,0,0,0,1,1,0,0,0,0,0,0,0,0,0,0
209716000,262191,2097167,2359343,0.0,0.0,4,1,0,0,2,1,1,1,0,0,0,0,1,1,0,0,0,0,0,0,0,0,0,0
210724000,262191,2097167,2359343,0.0,0.0,4,1,0,0,2,1,1,1,0,0,0,0,1,1,0,0,0,0,0,0,0,0,0,0
211732000,262191,2097167,2359343,0.0,0.0,4,1,0,0,2,1,1,1,0,0,0,0,1,1,0,0,0,0,0,0,0,0,0,0
212740000,262191,2097167,2359343,0.0,0.0,4,1,0,0,2,1,1,1,0,0,0,0,1,1,0,0,0,0,0,0,0,0,0,0
213748000,262191,2097167,2359343,0.0,0.0,4,1,0,0,2,1,1,1,0,0,0,0,1,1,0,0,0,0,0,0,0,0,0,0
214756000,262191,2097167,2359343,0.0,0.0,4,1,0,0,2,1,1,1,0,0,0,0,1,1,0,0,0,0,0,0,0,0,0,0
215764000,262191,2097167,2359343,0.0,0.0,4,1,0,0,2,1,1,1,0,0,0,0,1,1,0,0,0,0,0,0,0,0,0,0
216772000,262191,2097167,2359343,0.0,0.0,4,1,0,0,2,1,1,1,0,0,0,0,1,1,0,0,0,0,0,0,0,0,0,0
217780000,262191,2097167,2359343,0.0,0.0,4,1,0,0,2,1,1,1,0,0,0,0,1,1,0,0,0,0,0,0,0,0,0,0
218788000,262191,2097167,2359343,0.0,0.0,4,1,0,0,2,1,1,1,0,0,0,0,1,1,0,0,0,0,0,0,0,0,0,0
219796000,262191,2097167,2359343,0.0,0.0,4,1,0,0,2,1,1,1,0,0,0,0,1,1,0,0,0,0,0,0,0,0,0,0
220804000,262191,2097167,2359343,0.0,0.0,4,1,0,0,2,1,1,1,0,0,0,0,1,1,0,0,0,0,0,0,0,0,0,0
221812000,262191,2097167,2359343,0.0,0.0,4,1,0,0,2,1,1,1,0,0,0,0,1,1,0,0,0,0,0,0,0,0,0,0
222820000,262191,2097167,2359343,0.0,0.0,4,1,0,0,2,1,1,1,0,0,0,0,1,1,0,0,0,0,0,0,0,0,0,0
223828000,262191,2097167,2359343,0.0,0.0,4,1,0,0,2,1,1,1,0,0,0,0,1,1,0,0,0,0,0,0,0,0,0,0
224836000,262191,2097167,2359343,0.0,0.0,4,1,0,0,2,1,1,1,0,0,0,0,1,1,0,0,0,0,0,0,0,0,0,0
225844000,262191,2097167,2359343,0.0,0.0,4,1,0,0,2,1,1,1,0,0,0,0,1,1,0,0,0,0,0,0,0,0,0,0
226852000,262191,2097167,2359343,0.0,0.0,4,1,0,0,2,1,1,1,0,0,0,0,1,1,0,0,0,0,0,0,0,0,0,0
227860000,262191,2097167,2359343,0.0,0.0,4,1,0,0,2,1,1,1,0,0,0,0,1,1,0,0,0,0,0,0,0,0,0,0
228868000,262191,2097167,2359343,0.0,0.0,4,1,0,0,2,1,1,1,0,0,0,0,1,1,0,0,0,0,0,0,0,0,0,0
229876000,262191,2097167,2359343,0.0,0.0,4,1,0,0,2,1,1,1,0,0,0,0,1,1,0,0,0,0,0,0,0,0,0,0
230884000,262191,2097167,2359343,0.0,0.0,4,1,0,0,2,1,1,1,0,0,0,0,1,1,0,0,0,0,0,0,0,0,0,0
231892000,262191,2097167,2359343,0.0,0.0,4,1,0,0,2,1,1,1,0,0,0,0,1,1,0,0,0,0,0,0,0,0,0,0
232900000,262191,2097167,2359343,0.0,0.0,4,1,0,0,2,1,1,1,0,0,0,0,1,1,0,0,0,0,0,0,0,0,0,0
233908000,262191,2097167,2359343,0.0,0.0,4,1,0,0,2,1,1,1,0,0,0,0,1,1,0,0,0,0,0,0,0,0,0,0
234916000,262191,2097167,2359343,0.0,0.0,4,1,0,0,2,1,1,1,0,0,0,0,1,1,0,0,0,0,0,0,0,0,0,0
235924000,262191,2097167,2359343,0.0,0.0,4,1,0,0,2,1,1,1,0,0,0,0,1,1,0,0,0,0,0,0,0,0,0,0
236932000,262191,2097167,2359343,0.0,0.0,4,1,0,0,2,1,1,1,0,0,0,0,1,1,0,0,0,0,0,0,0,0,0,0
237940000,262191,2097167,2359343,0.0,0.0,4,1,0,0,2,1,1,1,0,0,0,0,1,1,0,0,0,0,0,0,0,0,0,0
238948000,262191,2097167,2359343,0.0,0.0,4,1,0,0,2,1,1,1,0,0,0,0,1,1,0,0,0,0,0,0,0,0,0,0
239956000,262191,2097167,2359343,0.0,0.0,4,1,0,0,2,1,1,1,0,0,0,0,1,1,0,0,0,0,0,0,0,0,0,0
240964000,262191,2097167,2359343,0.0,0.0,4,1,0,0,2,1,1,1,0,0,0,0,1,1,0,0,0,0,0,0,0,0,0,0
241972000,262191,2097167,2359343,0.0,0.0,4,1,0,0,2,1,1,1,0,0,0,0,1,1,0,0,0,0,0,0,0,0,0,0
242980000,262191,2097167,2359343,0.0,0.0,4,1,0,0,2,1,1,1,0,0,0,0,1,1,0,0,0,0,0,0,0,0,0,0
243988000,262191,2097167,2359343,0.0,0.0,4,1,0,0,2,1,1,1,0,0,0,0,1,1,0,0,0,0,0,0,0,0,0,0
244996000,262191,2097167,2359343,0.0,0.0,4,1,0,0,2,1,1,1,0,0,0,0,1,1,0,0,0,0,0,0,0,0,0,0
246004000,262191,2097167,2359343,0.0,0.0,4,1,0,0,2,1,1,1,0,0,0,0,1,1,0,0,0,0,0,0,0,0,0,0
247012000,262191,2097167,2359343,0.0,0.0,4,1,0,0,2,1,1,1,0,0,0,0,1,1,0,0,0,0,0,0,0,0,0,0
248020000,262191,2097167,2359343,0.0,0.0,4,1,0,0,2,1,1,1,0,0,0,0,1,1,0,0,0,0,0,0,0,0,0,0
249028000,262191,2097167,2359343,0.0,0.0,4,1,0,0,2,1,1,1,0,0,0,0,1,1,0,0,0,0,0,0,0,0,0,0
250036000,262191,2097167,2359343,0.0,0.0,4,1,0,0,2,1,1,1,0,0,0,0,1,1,0,0,0,0,0,0,0,0,0,0
251044000,262191,2097167,2359343,0.0,0.0,4,1,0,0,2,1,1,1,0,0,0,0,1,1,0,0,0,0,0,0,0,0,0,0
251368000,262191,2097167,2359343,0.0,0.0,3,1,0,0,2,1,1,1,0,0,0,0,1,1,0,0,0,0,0,0,0,0,0,0
251416000,262191,2097167,2359343,0.0,0.0,3,1,0,0,2,1,1,1,0,0,0,0,1,1,0,0,0,0,0,0,0,0,0,0
252244000,2359343,2097167,2359343,0.0,0.0,3,2,0,0,2,1,1,1,0,0,0,0,1,1,0,0,0,0,0,0,0,0,0,0
253252000,2359343,2097167,2359343,0.0,0.0,3,2,0,0,2,1,1,1,0,0,0,0,1,1,0,0,0,0,0,0,0,0,0,0
254260000,2359343,2097167,2359343,0.0,0.0,3,2,0,0,2,1,1,1,0,0,0,0,1,1,0,0,0,0,0,0,0,0,0,0
255268000,2359343,2097167,2359343,0.0,0.0,3,2,0,0,2,1,1,1,0,0,0,0,1,1,0,0,0,0,0,0,0,0,0,0
256275999,2359343,2097167,2359343,0.0,0.0,3,2,0,0,2,1,1,1,0,0,0,0,1,1,0,0,0,0,0,0,0,0,0,0
257284000,2359343,2097167,2359343,0.0,0.0,3,2,0,0,2,1,1,1,0,0,0,0,1,1,0,0,0,0,0,0,0,0,0,0
258292000,2359343,2097167,2359343,0.0,0.0,3,2,0,0,2,1,1,1,0,0,0,0,1,1,0,0,0,0,0,0,0,0,0,0
259299999,2359343,2097167,2359343,0.0,0.0,3,2,0,0,2,1,1,1,0,0,0,0,1,1,0,0,0,0,0,0,0,0,0,0
260308000,2359343,2097167,2359343,0.0,0.0,3,2,0,0,2,1,1,1,0,0,0,0,1,1,0,0,0,0,0,0,0,0,0,0
261316000,2359343,2097167,2359343,0.0,0.0,3,2,0,0,2,1,1,1,0,0,0,0,1,1,0,0,0,0,0,0,0,0,0,0
262323999,2359343,2097167,2359343,0.0,0.0,3,2,0,0,2,1,1,1,0,0,0,0,1,1,0,0,0,0,0,0,0,0,0,0
263332000,2359343,2097167,2359343,0.0,0.0,3,2,0,0,2,1,1,1,0,0,0,0,1,1,0,0,0,0,0,0,0,0,0,0
264340000,2359343,2097167,2359343,0.0,0.0,3,2,0,0,2,1,1,1,0,0,0,0,1,1,0,0,0,0,0,0,0,0,0,0
265347999,2359343,2097167,2359343,0.0,0.0,3,2,0,0,2,1,1,1,0,0,0,0,1,1,0,0,0,0,0,0,0,0,0,0
266356000,2359343,2097167,2359343,0.0,0.0,3,2,0,0,2,1,1,1,0,0,0,0,1,1,0,0,0,0,0,0,0,0,0,0
267364000,2359343,2097167,2359343,0.0,0.0,3,2,0,0,2,1,1,1,0,0,0,0,1,1,0,0,0,0,0,0,0,0,0,0
268371999,2359343,2097167,2359343,0.0,0.0,3,2,0,0,2,1,1,1,0,0,0,0,1,1,0,0,0,0,0,0,0,0,0,0
269380000,2359343,2097167,2359343,0.0,0.0,3,2,0,0,2,1,1,1,0,0,0,0,1,1,0,0,0,0,0,0,0,0,0,0
270388000,2359343,2097167,2359343,0.0,0.0,3,2,0,0,2,1,1,1,0,0,0,0,1,1,0,0,0,0,0,0,0,0,0,0
271396000,2359343,2097167,2359343,0.0,0.0,3,2,0,0,2,1,1,1,0,0,0,0,1,1,0,0,0,0,0,0,0,0,0,0
272404000,2359343,2097167,2359343,0.0,0.0,3,2,0,0,2,1,1,1,0,0,0,0,1,1,0,0,0,0,0,0,0,0,0,0
273412000,2359343,2097167,2359343,0.0,0.0,3,2,0,0,2,1,1,1,0,0,0,0,1,1,0,0,0,0,0,0,0,0,0,0
274420000,2359343,2097167,2359343,0.0,0.0,3,2,0,0,2,1,1,1,0,0,0,0,1,1,0,0,0,0,0,0,0,0,0,0
275428000,2359343,2097167,2359343,0.0,0.0,3,2,0,0,2,1,1,1,0,0,0,0,1,1,0,0,0,0,0,0,0,0,0,0
276436000,2359343,2097167,2359343,0.0,0.0,3,2,0,0,2,1,1,1,0,0,0,0,1,1,0,0,0,0,0,0,0,0,0,0
277444000,2359343,2097167,2359343,0.0,0.0,3,2,0,0,2,1,1,1,0,0,0,0,1,1,0,0,0,0,0,0,0,0,0,0
278452000,2359343,2097167,2359343,0.0,0.0,3,2,0,0,2,1,1,1,0,0,0,0,1,1,0,0,0,0,0,0,0,0,0,0
279460000,2359343,2097167,2359343,0.0,0.0,3,2,0,0,2,1,1,1,0,0,0,0,1,1,0,0,0,0,0,0,0,0,0,0
280468000,2359343,2097167,2359343,0.0,0.0,3,2,0,0,2,1,1,1,0,0,0,0,1,1,0,0,0,0,0,0,0,0,0,0
281476000,2359343,2097167,2359343,0.0,0.0,3,2,0,0,2,1,1,1,0,0,0,0,1,1,0,0,0,0,0,0,0,0,0,0
282484000,2359343,2097167,2359343,0.0,0.0,3,2,0,0,2,1,1,1,0,0,0,0,1,1,0,0,0,0,0,0,0,0,0,0
283492000,2359343,2097167,2359343,0.0,0.0,3,2,0,0,2,1,1,1,0,0,0,0,1,1,0,0,0,0,0,0,0,0,0,0
284500000,2359343,2097167,2359343,0.0,0.0,3,2,0,0,2,1,1,1,0,0,0,0,1,1,0,0,0,0,0,0,0,0,0,0
285508000,2359343,2097167,2359343,0.0,0.0,3,2,0,0,2,1,1,1,0,0,0,0,1,1,0,0,0,0,0,0,0,0,0,0
286516000,2359343,2097167,2359343,0.0,0.0,3,2,0,0,2,1,1,1,0,0,0,0,1,1,0,0,0,0,0,0,0,0,0,0
287524000,2359343,2097167,2359343,0.0,0.0,3,2,0,0,2,1,1,1,0,0,0,0,1,1,0,0,0,0,0,0,0,0,0,0
288532000,2359343,2097167,2359343,0.0,0.0,3,2,0,0,2,1,1,1,0,0,0,0,1,1,0,0,0,0,0,0,0,0,0,0
289540000,2359343,2097167,2359343,0.0,0.0,3,2,0,0,2,1,1,1,0,0,0,0,1,1,0,0,0,0,0,0,0,0,0,0
290548000,2359343,2097167,2359343,0.0,0.0,3,2,0,0,2,1,1,1,0,0,0,0,1,1,0,0,0,0,0,0,0,0,0,0
291556000,2359343,2097167,2359343,0.0,0.0,3,2,0,0,2,1,1,1,0,0,0,0,1,1,0,0,0,0,0,0,0,0,0,0
292564000,2359343,2097167,2359343,0.0,0.0,3,2,0,0,2,1,1,1,0,0,0,0,1,1,0,0,0,0,0,0,0,0,0,0
293572000,2359343,2097167,2359343,0.0,0.0,3,2,0,0,2,1,1,1,0,0,0,0,1,1,0,0,0,0,0,0,0,0,0,0
294580000,2359343,2097167,2359343,0.0,0.0,3,2,0,0,2,1,1,1,0,0,0,0,1,1,0,0,0,0,0,0,0,0,0,0
295588000,2359343,2097167,2359343,0.0,0.0,3,2,0,0,2,1,1,1,0,0,0,0,1,1,0,0,0,0,0,0,0,0,0,0
296596000,2359343,2097167,2359343,0.0,0.0,3,2,0,0,2,1,1,1,0,0,0,0,1,1,0,0,0,0,0,0,0,0,0,0
297604000,2359343,2097167,2359343,0.0,0.0,3,2,0,0,2,1,1,1,0,0,0,0,1,1,0,0,0,0,0,0,0,0,0,0
298612000,2359343,2097167,2359343,0.0,0.0,3,2,0,0,2,1,1,1,0,0,0,0,1,1,0,0,0,0,0,0,0,0,0,0
299620000,2359343,2097167,2359343,0.0,0.0,3,2,0,0,2,1,1,1,0,0,0,0,1,1,0,0,0,0,0,0,0,0,0,0
300628000,2359343,2097167,2359343,0.0,0.0,3,2,0,0,2,1,1,1,0,0,0,0,1,1,0,0,0,0,0,0,0,0,0,0
301636000,2359343,2097167,2359343,0.0,0.0,3,2,0,0,2,1,1,1,0,0,0,0,1,1,0,0,0,0,0,0,0,0,0,0
302644000,2359343,2097167,2359343,0.0,0.0,3,2,0,0,2,1,1,1,0,0,0,0,1,1,0,0,0,0,0,0,0,0,0,0
303652000,2359343,2097167,2359343,0.0,0.0,3,2,0,0,2,1,1,1,0,0,0,0,1,1,0,0,0,0,0,0,0,0,0,0
304660000,2359343,2097167,2359343,0.0,0.0,3,2,0,0,2,1,1,1,0,0,0,0,1,1,0,0,0,0,0,0,0,0,0,0
305668000,2359343,2097167,2359343,0.0,0.0,3,2,0,0,2,1,1,1,0,0,0,0,1,1,0,0,0,0,0,0,0,0,0,0
306676000,2359343,2097167,2359343,0.0,0.0,3,2,0,0,2,1,1,1,0,0,0,0,1,1,0,0,0,0,0,0,0,0,0,0
307684000,2359343,2097167,2359343,0.0,0.0,3,2,0,0,2,1,1,1,0,0,0,0,1,1,0,0,0,0,0,0,0,0,0,0
308692000,2359343,2097167,2359343,0.0,0.0,3,2,0,0,2,1,1,1,0,0,0,0,1,1,0,0,0,0,0,0,0,0,0,0
309700000,2359343,2097167,2359343,0.0,0.0,3,2,0,0,2,1,1,1,0,0,0,0,1,1,0,0,0,0,0,0,0,0,0,0
310700000,2359343,2097167,2359343,0.0,0.0,3,2,0,0,2,1,1,1,0,0,0,0,1,1,0,0,0,0,0,0,0,0,0,0
311708000,2359343,2097167,2359343,0.0,0.0,3,2,0,0,2,1,1,1,0,0,0,0,1,1,0,0,0,0,0,0,0,0,0,0
312716000,2359343,2097167,2359343,0.0,0.0,3,2,0,0,2,1,1,1,0,0,0,0,1,1,0,0,0,0,0,0,0,0,0,0
313724000,2359343,2097167,2359343,0.0,0.0,3,2,0,0,2,1,1,1,0,0,0,0,1,1,0,0,0,0,0,0,0,0,0,0
314732000,2359343,2097167,2359343,0.0,0.0,3,2,0,0,2,1,1,1,0,0,0,0,1,1,0,0,0,0,0,0,0,0,0,0
315740000,2359343,2097167,2359343,0.0,0.0,3,2,0,0,2,1,1,1,0,0,0,0,1,1,0,0,0,0,0,0,0,0,0,0
316748000,2359343,2097167,2359343,0.0,0.0,3,2,0,0,2,1,1,1,0,0,0,0,1,1,0,0,0,0,0,0,0,0,0,0
317756000,2359343,2097167,2359343,0.0,0.0,3,2,0,0,2,1,1,1,0,0,0,0,1,1,0,0,0,0,0,0,0,0,0,0
318764000,2359343,2097167,2359343,0.0,0.0,3,2,0,0,2,1,1,1,0,0,0,0,1,1,0,0,0,0,0,0,0,0,0,0
319772000,2359343,2097167,2359343,0.0,0.0,3,2,0,0,2,1,1,1,0,0,0,0,1,1,0,0,0,0,0,0,0,0,0,0
320780000,2359343,2097167,2359343,0.0,0.0,3,2,0,0,2,1,1,1,0,0,0,0,1,1,0,0,0,0,0,0,0,0,0,0
321788000,2359343,2097167,2359343,0.0,0.0,3,2,0,0,2,1,1,1,0,0,0,0,1,1,0,0,0,0,0,0,0,0,0,0
322796000,2359343,2097167,2359343,0.0,0.0,3,2,0,0,2,1,1,1,0,0,0,0,1,1,0,0,0,0,0,0,0,0,0,0
323804000,2359343,2097167,2359343,0.0,0.0,3,2,0,0,2,1,1,1,0,0,0,0,1,1,0,0,0,0,0,0,0,0,0,0
324812000,2359343,2097167,2359343,0.0,0.0,3,2,0,0,2,1,1,1,0,0,0,0,1,1,0,0,0,0,0,0,0,0,0,0
325820000,2359343,2097167,2359343,0.0,0.0,3,2,0,0,2,1,1,1,0,0,0,0,1,1,0,0,0,0,0,0,0,0,0,0
326444000,2359343,2097167,2359343,0.0,0.0,5,2,0,0,2,1,1,1,0,0,0,0,1,1,0,0,0,0,0,0,0,0,0,0
326492000,2359343,2097167,2359343,0.0,0.0,5,2,0,0,2,1,1,1,0,0,0,0,1,1,0,0,0,0,0,0,0,0,0,0
327500000,2359343,2097167,2359343,0.0,0.0,5,2,0,0,2,1,1,1,0,0,0,0,1,1,0,0,0,0,0,0,0,0,0,0
328508000,2359343,2097167,2359343,0.0,0.0,5,2,0,0,2,1,1,1,0,0,0,0,1,1,0,0,0,0,0,0,0,0,0,0
329516000,2359343,2097167,2359343,0.0,0.0,5,2,0,0,2,1,1,1,0,0,0,0,1,1,0,0,0,0,0,0,0,0,0,0
330524000,2359343,2097167,2359343,0.0,0.0,5,2,0,0,2,1,1,1,0,0,0,0,1,1,0,0,0,0,0,0,0,0,0,0
331532000,2359343,2097167,2359343,0.0,0.0,5,2,0,0,2,1,1,1,0,0,0,0,1,1,0,0,0,0,0,0,0,0,0,0
332540000,2359343,2097167,2359343,0.0,0.0,5,2,0,0,2,1,1,1,0,0,0,0,1,1,0,0,0,0,0,0,0,0,0,0
333548000,2359343,2097167,2359343,0.0,0.0,5,2,0,0,2,1,1,1,0,0,0,0,1,1,0,0,0,0,0,0,0,0,0,0
334556000,2359343,2097167,2359343,0.0,0.0,5,2,0,0,2,1,1,1,0,0,0,0,1,1,0,0,0,0,0,0,0,0,0,0
335564000,2359343,2097167,2359343,0.0,0.0,5,2,0,0,2,1,1,1,0,0,0,0,1,1,0,0,0,0,0,0,0,0,0,0
336572000,2359343,2097167,2359343,0.0,0.0,5,2,0,0,2,1,1,1,0,0,0,0,1,1,0,0,0,0,0,0,0,0,0,0
337580000,2359343,2097167,2359343,0.0,0.0,5,2,0,0,2,1,1,1,0,0,0,0,1,1,0,0,0,0,0,0,0,0,0,0
338588000,2359343,2097167,2359343,0.0,0.0,5,2,0,0,2,1,1,1,0,0,0,0,1,1,0,0,0,0,0,0,0,0,0,0
339596000,2359343,2097167,2359343,0.0,0.0,5,2,0,0,2,1,1,1,0,0,0,0,1,1,0,0,0,0,0,0,0,0,0,0
340604000,2359343,2097167,2359343,0.0,0.0,5,2,0,0,2,1,1,1,0,0,0,0,1,1,0,0,0,0,0,0,0,0,0,0
341612000,2359343,2097167,2359343,0.0,0.0,5,2,0,0,2,1,1,1,0,0,0,0,1,1,0,0,0,0,0,0,0,0,0,0
342620000,2359343,2097167,2359343,0.0,0.0,5,2,0,0,2,1,1,1,0,0,0,0,1,1,0,0,0,0,0,0,0,0,0,0
343628000,2359343,2097167,2359343,0.0,0.0,5,2,0,0,2,1,1,1,0,0,0,0,1,1,0,0,0,0,0,0,0,0,0,0
344636000,2359343,2097167,2359343,0.0,0.0,5,2,0,0,2,1,1,1,0,0,0,0,1,1,0,0,0,0,0,0,0,0,0,0
345644000,2359343,2097167,2359343,0.0,0.0,5,2,0,0,2,1,1,1,0,0,0,0,1,1,0,0,0,0,0,0,0,0,0,0
346652000,2359343,2097167,2359343,0.0,0.0,5,2,0,0,2,1,1,1,0,0,0,0,1,1,0,0,0,0,0,0,0,0,0,0
347660000,2359343,2097167,2359343,0.0,0.0,5,2,0,0,2,1,1,1,0,0,0,0,1,1,0,0,0,0,0,0,0,0,0,0
348668000,2359343,2097167,2359343,0.0,0.0,5,2,0,0,2,1,1,1,0,0,0,0,1,1,0,0,0,0,0,0,0,0,0,0
349676000,2359343,2097167,2359343,0.0,0.0,5,2,0,0,2,1,1,1,0,0,0,0,1,1,0,0,0,0,0,0,0,0,0,0
350684000,2359343,2097167,2359343,0.0,0.0,5,2,0,0,2,1,1,1,0,0,0,0,1,1,0,0,0,0,0,0,0,0,0,0
351692000,2359343,2097167,2359343,0.0,0.0,5,2,0,0,2,1,1,1,0,0,0,0,1,1,0,0,0,0,0,0,0,0,0,0
352700000,2359343,2097167,2359343,0.0,0.0,5,2,0,0,2,1,1,1,0,0,0,0,1,1,0,0,0,0,0,0,0,0,0,0
353708000,2359343,2097167,2359343,0.0,0.0,5,2,0,0,2,1,1,1,0,0,0,0,1,1,0,0,0,0,0,0,0,0,0,0
354716000,2359343,2097167,2359343,0.0,0.0,5,2,0,0,2,1,1,1,0,0,0,0,1,1,0,0,0,0,0,0,0,0,0,0
355724000,2359343,2097167,2359343,0.0,0.0,5,2,0,0,2,1,1,1,0,0,0,0,1,1,0,0,0,0,0,0,0,0,0,0
356732000,2359343,2097167,2359343,0.0,0.0,5,2,0,0,2,1,1,1,0,0,0,0,1,1,0,0,0,0,0,0,0,0,0,0
357740000,2359343,2097167,2359343,0.0,0.0,5,2,0,0,2,1,1,1,0,0,0,0,1,1,0,0,0,0,0,0,0,0,0,0
358748000,2359343,2097167,2359343,0.0,0.0,5,2,0,0,2,1,1,1,0,0,0,0,1,1,0,0,0,0,0,0,0,0,0,0
359756000,2359343,2097167,2359343,0.0,0.0,5,2,0,0,2,1,1,1,0,0,0,0,1,1,0,0,0,0,0,0,0,0,0,0
360764000,2359343,2097167,2359343,0.0,0.0,5,2,0,0,2,1,1,1,0,0,0,0,1,1,0,0,0,0,0,0,0,0,0,0
361772000,2359343,2097167,2359343,0.0,0.0,5,2,0,0,2,1,1,1,0,0,0,0,1,1,0,0,0,0,0,0,0,0,0,0
362780000,2359343,2097167,2359343,0.0,0.0,5,2,0,0,2,1,1,1,0,0,0,0,1,1,0,0,0,0,0,0,0,0,0,0
363788000,2359343,2097167,2359343,0.0,0.0,5,2,0,0,2,1,1,1,0,0,0,0,1,1,0,0,0,0,0,0,0,0,0,0
364796000,2359343,2097167,2359343,0.0,0.0,5,2,0,0,2,1,1,1,0,0,0,0,1,1,0,0,0,0,0,0,0,0,0,0
365804000,2359343,2097167,2359343,0.0,0.0,5,2,0,0,2,1,1,1,0,0,0,0,1,1,0,0,0,0,0,0,0,0,0,0
366812000,2359343,2097167,2359343,0.0,0.0,5,2,0,0,2,1,1,1,0,0,0,0,1,1,0,0,0,0,0,0,0,0,0,0
367820000,2359343,2097167,2359343,0.0,0.0,5,2,0,0,2,1,1,1,0,0,0,0,1,1,0,0,0,0,0,0,0,0,0,0
368828000,2359343,2097167,2359343,0.0,0.0,5,2,0,0,2,1,1,1,0,0,0,0,1,1,0,0,0,0,0,0,0,0,0,0
369836000,2359343,2097167,2359343,0.0,0.0,5,2,0,0,2,1,1,1,0,0,0,0,1,1,0,0,0,0,0,0,0,0,0,0
370844000,2359343,2097167,2359343,0.0,0.0,5,2,0,0,2,1,1,1,0,0,0,0,1,1,0,0,0,0,0,0,0,0,0,0
371852000,2359343,2097167,2359343,0.0,0.0,5,2,0,0,2,1,1,1,0,0,0,0,1,1,0,0,0,0,0,0,0,0,0,0
372860000,2359343,2097167,2359343,0.0,0.0,5,2,0,0,2,1,1,1,0,0,0,0,1,1,0,0,0,0,0,0,0,0,0,0
373868000,2359343,2097167,2359343,0.0,0.0,5,2,0,0,2,1,1,1,0,0,0,0,1,1,0,0,0,0,0,0,0,0,0,0
374876000,2359343,2097167,2359343,0.0,0.0,5,2,0,0,2,1,1,1,0,0,0,0,1,1,0,0,0,0,0,0,0,0,0,0
375884000,2359343,2097167,2359343,0.0,0.0,5,2,0,0,2,1,1,1,0,0,0,0,1,1,0,0,0,0,0,0,0,0,0,0
376892000,2359343,2097167,2359343,0.0,0.0,5,2,0,0,2,1,1,1,0,0,0,0,1,1,0,0,0,0,0,0,0,0,0,0
377900000,2359343,2097167,2359343,0.0,0.0,5,2,0,0,2,1,1,1,0,0,0,0,1,1,0,0,0,0,0,0,0,0,0,0
378908000,2359343,2097167,2359343,0.0,0.0,5,2,0,0,2,1,1,1,0,0,0,0,1,1,0,0,0,0,0,0,0,0,0,0
379916000,2359343,2097167,2359343,0.0,0.0,5,2,0,0,2,1,1,1,0,0,0,0,1,1,0,0,0,0,0,0,0,0,0,0
380924000,2359343,2097167,2359343,0.0,0.0,5,2,0,0,2,1,1,1,0,0,0,0,1,1,0,0,0,0,0,0,0,0,0,0
381932000,2359343,2097167,2359343,0.0,0.0,5,2,0,0,2,1,1,1,0,0,0,0,1,1,0,0,0,0,0,0,0,0,0,0
382940000,2359343,2097167,2359343,0.0,0.0,5,2,0,0,2,1,1,1,0,0,0,0,1,1,0,0,0,0,0,0,0,0,0,0
383948000,2359343,2097167,2359343,0.0,0.0,5,2,0,0,2,1,1,1,0,0,0,0,1,1,0,0,0,0,0,0,0,0,0,0
384956000,2359343,2097167,2359343,0.0,0.0,5,2,0,0,2,1,1,1,0,0,0,0,1,1,0,0,0,0,0,0,0,0,0,0
385964000,2359343,2097167,2359343,0.0,0.0,5,2,0,0,2,1,1,1,0,0,0,0,1,1,0,0,0,0,0,0,0,0,0,0
386972000,2359343,2097167,2359343,0.0,0.0,5,2,0,0,2,1,1,1,0,0,0,0,1,1,0,0,0,0,0,0,0,0,0,0
387980000,2359343,2097167,2359343,0.0,0.0,5,2,0,0,2,1,1,1,0,0,0,0,1,1,0,0,0,0,0,0,0,0,0,0
388988000,2359343,2097167,2359343,0.0,0.0,5,2,0,0,2,1,1,1,0,0,0,0,1,1,0,0,0,0,0,0,0,0,0,0
389996000,2359343,2097167,2359343,0.0,0.0,5,2,0,0,2,1,1,1,0,0,0,0,1,1,0,0,0,0,0,0,0,0,0,0
391004000,2359343,2097167,2359343,0.0,0.0,5,2,0,0,2,1,1,1,0,0,0,0,1,1,0,0,0,0,0,0,0,0,0,0
392012000,2359343,2097167,2359343,0.0,0.0,5,2,0,0,2,1,1,1,0,0,0,0,1,1,0,0,0,0,0,0,0,0,0,0
393020000,2359343,2097167,2359343,0.0,0.0,5,2,0,0,2,1,1,1,0,0,0,0,1,1,0,0,0,0,0,0,0,0,0,0
394028000,2359343,2097167,2359343,0.0,0.0,5,2,0,0,2,1,1,1,0,0,0,0,1,1,0,0,0,0,0,0,0,0,0,0
395036000,2359343,2097167,2359343,0.0,0.0,5,2,0,0,2,1,1,1,0,0,0,0,1,1,0,0,0,0,0,0,0,0,0,0
396044000,2359343,2097167,2359343,0.0,0.0,5,2,0,0,2,1,1,1,0,0,0,0,1,1,0,0,0,0,0,0,0,0,0,0
397052000,2359343,2097167,2359343,0.0,0.0,5,2,0,0,2,1,1,1,0,0,0,0,1,1,0,0,0,0,0,0,0,0,0,0
398060000,2359343,2097167,2359343,0.0,0.0,5,2,0,0,2,1,1,1,0,0,0,0,1,1,0,0,0,0,0,0,0,0,0,0
399068000,2359343,2097167,2359343,0.0,0.0,5,2,0,0,2,1,1,1,0,0,0,0,1,1,0,0,0,0,0,0,0,0,0,0
400076000,2359343,2097167,2359343,0.0,0.0,5,2,0,0,2,1,1,1,0,0,0,0,1,1,0,0,0,0,0,0,0,0,0,0
401024000,2359343,2097167,2359343,0.0,0.0,5,2,0,0,2,1,1,1,0,0,0,0,1,1,0,0,0,0,0,0,0,0,0,0
401108000,2359343,2097167,2359343,0.0,0.0,5,1,0,0,2,1,1,1,0,0,0,0,1,1,0,0,0,0,0,0,0,0,0,0
