timestamp,accel_inconsistency_m_s_s,gyro_inconsistency_rad_s,mag_inconsistency_ga
1940000,0.0035625026,0.0,0.0
2140000,0.0018389538,0.0,0.0
2340000,0.006023418,0.0,0.0
2540000,0.002149029,0.0,0.0
2744000,0.00768607,0.0,0.0
2940000,0.00186774,0.0,0.0
3140000,0.0031497327,0.0,0.0
3340000,0.001785814,0.0,0.0
3544000,0.002889631,0.0,0.0
3740000,0.0043937135,0.0,0.0
3940000,0.0011334466,0.0,0.0
4143999,0.008117002,0.0,0.0
4344000,0.0037224,0.0,0.0
4544000,0.0020212473,0.0,0.0
4744000,0.002693687,0.0,0.0
4948000,0.0031405527,0.0,0.0
5148000,0.0023777205,0.0,0.0
5344000,0.0018122643,0.0,0.0
5544000,0.0051287943,0.0,0.0
5744000,0.010280767,0.0,0.0
5944000,0.0042551216,0.0,0.0
6148000,0.006021303,0.0,0.0
6344000,0.0031906003,0.0,0.0
6544000,0.0030881446,0.0,0.0
6744000,0.017251553,0.0,0.0
6944000,0.0019954669,0.0,0.0
7144000,0.008571961,0.0,0.0
7344000,0.0016717564,0.0,0.0
7544000,0.003027535,0.0,0.0
7744000,0.003049508,0.0,0.0
7944000,0.001908097,0.0,0.0
8147999,0.0061468785,0.0,0.0
8348000,0.012213788,0.0,0.0
8548000,0.0040787472,0.0,0.0
8748000,0.0019249378,0.0,0.0
8952000,0.0061311093,0.0,0.0
9148000,0.0020416533,0.0,0.0
9352000,0.0048256754,0.0,0.0
9548000,0.0022144704,0.0,0.0
9748000,0.002373757,0.0,0.0
9952000,0.0014587459,0.0,0.0
10148000,0.0072532324,0.0,0.0
10348000,0.002164734,0.0,0.0
10548000,0.004511636,0.0,0.0
10748000,0.0022193238,0.0,0.0
10948000,0.0024261263,0.0,0.0
11148000,0.0071408106,0.0,0.0
11348000,0.0008930741,0.0,0.0
11548000,0.0024736815,0.0,0.0
11748000,0.003814323,0.0,0.0
11948000,0.0038355046,0.0,0.0
12148000,0.011512962,0.0,0.0
12348000,0.0045727883,0.0,0.0
12548000,0.0029738354,0.0,0.0
12748000,0.004174095,0.0,0.0
12948000,0.003008443,0.0,0.0
13148000,0.0029663858,0.0,0.0
13352000,0.0060585244,0.0,0.0
13548000,0.0026097477,0.0,0.0
13748000,0.0026328894,0.0,0.0
13952000,0.005924377,0.0,0.0
14148000,0.0036744857,0.0,0.0
14348000,0.002966349,0.0,0.0
14548000,0.0049864,0.0,0.0
14748000,0.0022844465,0.0,0.0
14948000,0.007597706,0.0,0.0
15148000,0.0024192068,0.0,0.0
15348000,0.0033402687,0.0,0.0
15552000,0.0038425117,0.0,0.0
15748000,0.0017422142,0.0,0.0
15948000,0.0011205224,0.0,0.0
16151999,0.019194752,0.0,0.0
16352000,0.01488165,0.0,0.0
16560000,0.015765246,0.0,0.0
16760000,0.0068075783,0.0,0.0
16960000,0.004859806,0.0,0.0
17156000,0.0021525482,0.0,0.0
17356000,0.0035909126,0.0,0.0
17556000,0.004456008,0.0,0.0
17756000,0.0073502585,0.0,0.0
17960000,0.0019798493,0.0,0.0
18160000,0.011192853,0.0,0.0
18356000,0.0034606284,0.0,0.0
18560000,0.00561361,0.0,0.0
18756000,0.0018012731,0.0,0.0
18960000,0.002538184,0.0,0.0
19160000,0.00041160043,0.0,0.0
19356000,0.004552167,0.0,0.0
19556000,0.0070063826,0.0,0.0
19760000,0.001986996,0.0,0.0
19956000,0.008274084,0.0,0.0
20156000,0.0036609643,0.0,0.0
20356000,0.004599698,0.0,0.0
20556000,0.00242542,0.0,0.0
20760000,0.0021099283,0.0,0.0
20956000,0.0058062496,0.0,0.0
21156000,0.0025892626,0.0,0.0
21360000,0.004601399,0.0,0.0
21560000,0.003436074,0.0,0.0
21760000,0.004068587,0.0,0.0
21956000,0.005912696,0.0,0.0
22156000,0.0076338425,0.0,0.0
22356000,0.0026299998,0.0,0.0
22556000,0.0026436322,0.0,0.0
22756000,0.0033704771,0.0,0.0
22960000,0.0019464836,0.0,0.0
23156000,0.0009954176,0.0,0.0
23356000,0.006242617,0.0,0.0
23560000,0.0031427743,0.0,0.0
23756000,0.003154019,0.0,0.0
23960000,0.0079257805,0.0,0.0
24156000,0.0056423773,0.0,0.0
24356000,0.002543867,0.0,0.0
24556000,0.0030074976,0.0,0.0
24756000,0.003610081,0.0,0.0
24956000,0.0057758144,0.0,0.0
25160000,0.002665644,0.0,0.0
25360000,0.0048583006,0.0,0.0
25556000,0.0026915171,0.0,0.0
25760000,0.0016502148,0.0,0.0
25960000,0.0018795968,0.0,0.0
26160000,0.004938791,0.0,0.0
26356000,0.0013774815,0.0,0.0
26556000,0.0028401557,0.0,0.0
26760000,0.0021253272,0.0,0.0
26956000,0.0028292623,0.0,0.0
27160000,0.0029090857,0.0,0.0
27356000,0.0020228662,0.0,0.0
27556000,0.0028434491,0.0,0.0
27760000,0.0069455216,0.0,0.0
27960000,0.008700508,0.0,0.0
28156000,0.0060350555,0.0,0.0
28356000,0.002026804,0.0,0.0
28556000,0.005234494,0.0,0.0
28756000,0.004783053,0.0,0.0
28956000,0.0078085624,0.0,0.0
29156000,0.0034337745,0.0,0.0
29356000,0.0058303233,0.0,0.0
29556000,0.0022196872,0.0,0.0
29760000,0.002524689,0.0,0.0
29960000,0.0025149712,0.0,0.0
30160000,0.005185163,0.0,0.0
30360000,0.0052674436,0.0,0.0
30556000,0.002238059,0.0,0.0
30760000,0.0037859627,0.0,0.0
30956000,0.007081948,0.0,0.0
31156000,0.0025172736,0.0,0.0
31356000,0.0029456504,0.0,0.0
31556000,0.0031298446,0.0,0.0
31756000,0.0049537946,0.0,0.0
31956000,0.0037831308,0.0,0.0
32160000,0.015441948,0.0,0.0
32359999,0.01806286,0.0,0.0
32563999,0.015859148,0.0,0.0
32764000,0.005662211,0.0,0.0
32968000,0.009123013,0.0,0.0
33172000,0.008940822,0.0,0.0
33371999,0.011745655,0.0,0.0
33572000,0.013542133,0.0,0.0
33772000,0.0013078896,0.0,0.0
33976000,0.0058824946,0.0,0.0
34176000,0.0005284943,0.0,0.0
34372000,0.0009949505,0.0,0.0
34572000,0.0017083591,0.0,0.0
34772000,0.0016773439,0.0,0.0
34972000,0.0077923033,0.0,0.0
35172000,0.0019707917,0.0,0.0
35372000,0.0044599515,0.0,0.0
35576000,0.003253902,0.0,0.0
35772000,0.0023854547,0.0,0.0
35972000,0.003542692,0.0,0.0
36176000,0.0020390134,0.0,0.0
36372000,0.004187296,0.0,0.0
36572000,0.0025152203,0.0,0.0
36776000,0.0021559207,0.0,0.0
36972000,0.0028566516,0.0,0.0
37176000,0.0006192551,0.0,0.0
37372000,0.007121877,0.0,0.0
37572000,0.0068232114,0.0,0.0
37776000,0.0015068313,0.0,0.0
37972000,0.0026968608,0.0,0.0
38172000,0.004310555,0.0,0.0
38376000,0.0064345878,0.0,0.0
38572000,0.0068542385,0.0,0.0
38776000,0.0035173506,0.0,0.0
38976000,0.0038872573,0.0,0.0
39176000,0.0017576355,0.0,0.0
39376000,0.001972599,0.0,0.0
39576000,0.005666162,0.0,0.0
39776000,0.0038594585,0.0,0.0
39972000,0.0038738104,0.0,0.0
40176000,0.0004773502,0.0,0.0
40376000,0.003522399,0.0,0.0
40576000,0.0016027794,0.0,0.0
40772000,0.002428989,0.0,0.0
40972000,0.0031525434,0.0,0.0
41176000,0.0032340558,0.0,0.0
41372000,0.0015560117,0.0,0.0
41576000,0.002922997,0.0,0.0
41776000,0.0019504456,0.0,0.0
41976000,0.003962729,0.0,0.0
42172000,0.0026241473,0.0,0.0
42376000,0.01307695,0.0,0.0
42572000,0.0047297324,0.0,0.0
42772000,0.0043855915,0.0,0.0
42972000,0.0049380073,0.0,0.0
43176000,0.0048809294,0.0,0.0
43376000,0.003590193,0.0,0.0
43572000,0.0064548436,0.0,0.0
43776000,0.0007425261,0.0,0.0
43972000,0.0040261056,0.0,0.0
44172000,0.006913485,0.0,0.0
44372000,0.0008870698,0.0,0.0
44572000,0.002209888,0.0,0.0
44772000,0.01499854,0.0,0.0
44976000,0.0028626954,0.0,0.0
45172000,0.011440944,0.0,0.0
45376000,0.002241701,0.0,0.0
45576000,0.0037691898,0.0,0.0
45776000,0.00471813,0.0,0.0
45976000,0.004674951,0.0,0.0
46176000,0.007862683,0.0,0.0
46372000,0.0015289949,0.0,0.0
46572000,0.0027625756,0.0,0.0
46776000,0.00468568,0.0,0.0
46972000,0.0034723466,0.0,0.0
47176000,0.0042582555,0.0,0.0
47372000,0.00573293,0.0,0.0
47572000,0.002542157,0.0,0.0
47776000,0.00197465,0.0,0.0
47972000,0.012572902,0.0,0.0
48172000,0.003886445,0.0,0.0
48372000,0.0017037974,0.0,0.0
48572000,0.0021155006,0.0,0.0
48772000,0.0026481037,0.0,0.0
48972000,0.00166945,0.0,0.0
49172000,0.011646588,0.0,0.0
49372000,0.005014892,0.0,0.0
49576000,0.003907852,0.0,0.0
49772000,0.004893801,0.0,0.0
49976000,0.0022198479,0.0,0.0
50172000,0.0036416193,0.0,0.0
50372000,0.0032313531,0.0,0.0
50572000,0.0029703092,0.0,0.0
50772000,0.0025362433,0.0,0.0
50972000,0.006168846,0.0,0.0
51172000,0.0050600558,0.0,0.0
51372000,0.002037554,0.0,0.0
51572000,0.0012340659,0.0,0.0
51776000,0.0022451296,0.0,0.0
51976000,0.0014784475,0.0,0.0
52176000,0.014380684,0.0,0.0
52372000,0.0027790181,0.0,0.0
52576000,0.0056453743,0.0,0.0
52776000,0.004866099,0.0,0.0
52972000,0.0021974377,0.0,0.0
53172000,0.0076609356,0.0,0.0
53372000,0.0032255286,0.0,0.0
53576000,0.0024969007,0.0,0.0
53772000,0.0047573755,0.0,0.0
53972000,0.0025370966,0.0,0.0
54176000,0.00330509,0.0,0.0
54372000,0.0072112777,0.0,0.0
54572000,0.003956453,0.0,0.0
54772000,0.0017655989,0.0,0.0
54976000,0.0036232958,0.0,0.0
55172000,0.0026943309,0.0,0.0
55376000,0.0015206756,0.0,0.0
55572000,0.002124565,0.0,0.0
55772000,0.0017349863,0.0,0.0
55976000,0.0022377826,0.0,0.0
56176000,0.004504248,0.0,0.0
56376000,0.003929544,0.0,0.0
56576000,0.0075614466,0.0,0.0
56772000,0.0021194902,0.0,0.0
56972000,0.0018060056,0.0,0.0
57172000,0.0027041836,0.0,0.0
57376000,0.0016065915,0.0,0.0
57572000,0.0039590104,0.0,0.0
57776000,0.0021862634,0.0,0.0
57972000,0.004942846,0.0,0.0
58172000,0.007302881,0.0,0.0
58372000,0.0053727366,0.0,0.0
58572000,0.0036016025,0.0,0.0
58776000,0.0026423575,0.0,0.0
58976000,0.0015047716,0.0,0.0
59176000,0.0018004989,0.0,0.0
59376000,0.0033278335,0.0,0.0
59572000,0.0026858626,0.0,0.0
59772000,0.0016751002,0.0,0.0
59976000,0.0042823,0.0,0.0
60172000,0.0016585564,0.0,0.0
60376000,0.002955843,0.0,0.0
60572000,0.006525025,0.0,0.0
60776000,0.0025076538,0.0,0.0
60972000,0.0043018768,0.0,0.0
61172000,0.003228773,0.0,0.0
61376000,0.0032618192,0.0,0.0
61576000,0.0023271102,0.0,0.0
61772000,0.0019546344,0.0,0.0
61972000,0.0027627759,0.0,0.0
62172000,0.003925078,0.0,0.0
62372000,0.0042538247,0.0,0.0
62572000,0.007334141,0.0,0.0
62772000,0.011216478,0.0,0.0
62972000,0.0035116125,0.0,0.0
63172000,0.006242662,0.0,0.0
63376000,0.00544897,0.0,0.0
63572000,0.0032168208,0.0,0.0
63772000,0.009328833,0.0,0.0
63972000,0.009189315,0.0,0.0
64172000,0.009165687,0.0,0.0
64380000,0.020547269,0.0,0.0
64576000,0.019086283,0.0,0.0
64780000,0.023071233,0.0,0.0
64979999,0.016188825,0.0,0.0
65180000,0.010587946,0.0,0.0
65380000,0.015850442,0.0,0.0
65583999,0.012904947,0.0,0.0
65788000,0.019202722,0.0,0.0
65988000,0.003926348,0.0,0.0
66187999,0.007189859,0.0,0.0
66387999,0.012989525,0.0,0.0
66592000,0.016421992,0.0,0.0
66788000,0.004125374,0.0,0.0
66991999,0.01155573,0.0,0.0
67192000,0.002715187,0.0,0.0
67392000,0.005718303,0.0,0.0
67596000,0.0039806245,0.0,0.0
67796000,0.002876906,0.0,0.0
67996000,0.0019369888,0.0,0.0
68196000,0.0027673722,0.0,0.0
68392000,0.0045199436,0.0,0.0
68592000,0.0034423326,0.0,0.0
68792000,0.0075785588,0.0,0.0
68992000,0.00460415,0.0,0.0
69192000,0.0024782815,0.0,0.0
69392000,0.0031295728,0.0,0.0
69592000,0.0011120065,0.0,0.0
69792000,0.0037930137,0.0,0.0
69992000,0.0015939871,0.0,0.0
70196000,0.0010230377,0.0,0.0
70392000,0.0029458622,0.0,0.0
70596000,0.0039094747,0.0,0.0
70792000,0.0046229474,0.0,0.0
70992000,0.0015723197,0.0,0.0
71192000,0.0033146776,0.0,0.0
71392000,0.006080605,0.0,0.0
71596000,0.0012523482,0.0,0.0
71792000,0.003619208,0.0,0.0
71992000,0.00551224,0.0,0.0
72196000,0.0035914078,0.0,0.0
72392000,0.0028067462,0.0,0.0
72592000,0.0019616394,0.0,0.0
72792000,0.005824428,0.0,0.0
72992000,0.004128429,0.0,0.0
73192000,0.006938118,0.0,0.0
73396000,0.0017238349,0.0,0.0
73592000,0.0025025248,0.0,0.0
73796000,0.0022229934,0.0,0.0
73992000,0.0027638508,0.0,0.0
74192000,0.0019104907,0.0,0.0
74392000,0.007638007,0.0,0.0
74592000,0.0026663004,0.0,0.0
74792000,0.0012665786,0.0,0.0
74992000,0.00089942006,0.0,0.0
75192000,0.003040136,0.0,0.0
75392000,0.0068851514,0.0,0.0
75592000,0.0046859803,0.0,0.0
75792000,0.004719897,0.0,0.0
75992000,0.004396049,0.0,0.0
76192000,0.0029160923,0.0,0.0
76392000,0.0024298036,0.0,0.0
76592000,0.009867132,0.0,0.0
76792000,0.0043036034,0.0,0.0
76992000,0.0024253686,0.0,0.0
77192000,0.004239328,0.0,0.0
77396000,0.005274926,0.0,0.0
77596000,0.008197068,0.0,0.0
77792000,0.00089911406,0.0,0.0
77992000,0.012601794,0.0,0.0
78196000,0.0033407272,0.0,0.0
78396000,0.0029894337,0.0,0.0
78592000,0.0036645944,0.0,0.0
78792000,0.0072832317,0.0,0.0
78992000,0.0026845562,0.0,0.0
79196000,0.002620784,0.0,0.0
79392000,0.003074978,0.0,0.0
79596000,0.00268678,0.0,0.0
79792000,0.004645799,0.0,0.0
79996000,0.0021298379,0.0,0.0
80196000,0.0027683054,0.0,0.0
80392000,0.0033741395,0.0,0.0
80592000,0.003204206,0.0,0.0
80796000,0.0015625154,0.0,0.0
80992000,0.0016181248,0.0,0.0
81192000,0.004264084,0.0,0.0
81392000,0.002540262,0.0,0.0
81596000,0.0006240249,0.0,0.0
81792000,0.009643131,0.0,0.0
81992000,0.0033565285,0.0,0.0
82192000,0.0015489688,0.0,0.0
82392000,0.0024298166,0.0,0.0
82592000,0.0027232578,0.0,0.0
82792000,0.005145739,0.0,0.0
82996000,0.004635454,0.0,0.0
83192000,0.008986457,0.0,0.0
83396000,0.0064629246,0.0,0.0
83592000,0.0012510642,0.0,0.0
83792000,0.006552306,0.0,0.0
83996000,0.0012498124,0.0,0.0
84196000,0.0006698717,0.0,0.0
84392000,0.0022956505,0.0,0.0
84592000,0.0029573105,0.0,0.0
84792000,0.008077339,0.0,0.0
84996000,0.0018671883,0.0,0.0
85192000,0.0026613385,0.0,0.0
85396000,0.0021568483,0.0,0.0
85592000,0.004748587,0.0,0.0
85792000,0.0035882674,0.0,0.0
85992000,0.0026315388,0.0,0.0
86192000,0.010136139,0.0,0.0
86396000,0.002304566,0.0,0.0
86592000,0.0044086413,0.0,0.0
86796000,0.0019604606,0.0,0.0
86992000,0.0036755432,0.0,0.0
87192000,0.0014160775,0.0,0.0
87392000,0.002266229,0.0,0.0
87592000,0.0017390994,0.0,0.0
87792000,0.0026654925,0.0,0.0
87996000,0.003575942,0.0,0.0
88192000,0.0060780463,0.0,0.0
88392000,0.003475551,0.0,0.0
88592000,0.0020985263,0.0,0.0
88792000,0.0024518508,0.0,0.0
88992000,0.003464414,0.0,0.0
89192000,0.005326661,0.0,0.0
89392000,0.010525862,0.0,0.0
89592000,0.0015880778,0.0,0.0
89796000,0.0027886364,0.0,0.0
89996000,0.00324712,0.0,0.0
90196000,0.006138492,0.0,0.0
90396000,0.0026270435,0.0,0.0
90592000,0.0054997876,0.0,0.0
90792000,0.0031835749,0.0,0.0
90992000,0.0048102313,0.0,0.0
91192000,0.0021314786,0.0,0.0
91392000,0.0020610106,0.0,0.0
91592000,0.0043359213,0.0,0.0
91792000,0.0023589556,0.0,0.0
91992000,0.0019432172,0.0,0.0
92196000,0.0026340985,0.0,0.0
92392000,0.0013852062,0.0,0.0
92592000,0.0061607054,0.0,0.0
92792000,0.0040548467,0.0,0.0
92996000,0.0035622625,0.0,0.0
93192000,0.0019986194,0.0,0.0
93392000,0.010521888,0.0,0.0
93596000,0.00089965033,0.0,0.0
93796000,0.011023027,0.0,0.0
93996000,0.0030228822,0.0,0.0
94192000,0.0019026335,0.0,0.0
94396000,0.0063844374,0.0,0.0
94592000,0.0067878,0.0,0.0
94796000,0.0059497384,0.0,0.0
94992000,0.0058518737,0.0,0.0
95192000,0.003623616,0.0,0.0
95396000,0.005823927,0.0,0.0
95596000,0.0040370147,0.0,0.0
95792000,0.0041430867,0.0,0.0
95996000,0.0027478528,0.0,0.0
96196000,0.005353959,0.0,0.0
96392000,0.0012082569,0.0,0.0
96596000,0.0027631857,0.0,0.0
96792000,0.0034710749,0.0,0.0
96992000,0.005718358,0.0,0.0
97196000,0.003611977,0.0,0.0
97396000,0.002375432,0.0,0.0
97596000,0.0028782224,0.0,0.0
97792000,0.004095234,0.0,0.0
97996000,0.0021000986,0.0,0.0
98196000,0.0065285726,0.0,0.0
98392000,0.0021935967,0.0,0.0
98596000,0.0019902603,0.0,0.0
98792000,0.001844879,0.0,0.0
98996000,0.0025985371,0.0,0.0
99192000,0.0041967104,0.0,0.0
99392000,0.0022224144,0.0,0.0
99592000,0.007954218,0.0,0.0
99792000,0.0035309682,0.0,0.0
99992000,0.0030385214,0.0,0.0
100196000,0.0024345056,0.0,0.0
100392000,0.001905322,0.0,0.0
100592000,0.0022193755,0.0,0.0
100792000,0.0028280525,0.0,0.0
100992000,0.0024581328,0.0,0.0
101192000,0.0027451916,0.0,0.0
101392000,0.009354779,0.0,0.0
101592000,0.0024004488,0.0,0.0
101796000,0.001599981,0.0,0.0
101992000,0.0072988076,0.0,0.0
102196000,0.0029045579,0.0,0.0
102396000,0.0028635005,0.0,0.0
102596000,0.009424283,0.0,0.0
102796000,0.0049219197,0.0,0.0
102992000,0.00313044,0.0,0.0
103192000,0.0014405139,0.0,0.0
103396000,0.005325903,0.0,0.0
103592000,0.001108832,0.0,0.0
103792000,0.0021661243,0.0,0.0
103992000,0.0018994351,0.0,0.0
104196000,0.002981876,0.0,0.0
104392000,0.002001711,0.0,0.0
104596000,0.0019934974,0.0,0.0
104796000,0.0021509384,0.0,0.0
104992000,0.0036327469,0.0,0.0
105192000,0.0017137971,0.0,0.0
105396000,0.0033888097,0.0,0.0
105592000,0.0045127,0.0,0.0
105792000,0.0041320147,0.0,0.0
105992000,0.00558903,0.0,0.0
106192000,0.0025210758,0.0,0.0
106392000,0.0025878623,0.0,0.0
106592000,0.0025670999,0.0,0.0
106796000,0.004778981,0.0,0.0
106992000,0.0038646422,0.0,0.0
107192000,0.0010046214,0.0,0.0
107396000,0.004196116,0.0,0.0
107596000,0.0045002806,0.0,0.0
107796000,0.0017638698,0.0,0.0
107992000,0.009288202,0.0,0.0
108192000,0.0025880693,0.0,0.0
108392000,0.0024864287,0.0,0.0
108592000,0.0024082584,0.0,0.0
108792000,0.0021276288,0.0,0.0
108996000,0.001456345,0.0,0.0
109192000,0.0032310656,0.0,0.0
109392000,0.004891046,0.0,0.0
109596000,0.0023092576,0.0,0.0
109792000,0.0008951949,0.0,0.0
109992000,0.0077624153,0.0,0.0
110192000,0.0039129904,0.0,0.0
110392000,0.0042751855,0.0,0.0
110596000,0.003608719,0.0,0.0
110796000,0.002449685,0.0,0.0
110992000,0.0027972488,0.0,0.0
111192000,0.0025847966,0.0,0.0
111392000,0.0025417418,0.0,0.0
111592000,0.0014443406,0.0,0.0
111792000,0.0045843874,0.0,0.0
111992000,0.005034535,0.0,0.0
112192000,0.00225204,0.0,0.0
112396000,0.0013249989,0.0,0.0
112596000,0.0026753116,0.0,0.0
112792000,0.0016397829,0.0,0.0
112996000,0.004489892,0.0,0.0
113196000,0.0059466716,0.0,0.0
113396000,0.0014663507,0.0,0.0
113596000,0.0026429668,0.0,0.0
113792000,0.0048639984,0.0,0.0
113992000,0.0024571985,0.0,0.0
114192000,0.0019851802,0.0,0.0
114392000,0.002804097,0.0,0.0
114592000,0.0030728085,0.0,0.0
114792000,0.0056127077,0.0,0.0
114996000,0.005879482,0.0,0.0
115192000,0.0033255862,0.0,0.0
115392000,0.0016447331,0.0,0.0
115592000,0.0041286475,0.0,0.0
115792000,0.00144175,0.0,0.0
115992000,0.0026105335,0.0,0.0
116196000,0.0019519135,0.0,0.0
116396000,0.006258007,0.0,0.0
116592000,0.0028668807,0.0,0.0
116796000,0.0021037916,0.0,0.0
116992000,0.0012922166,0.0,0.0
117192000,0.0036087292,0.0,0.0
117396000,0.010202726,0.0,0.0
117592000,0.004194734,0.0,0.0
117792000,0.0031310332,0.0,0.0
117996000,0.003933862,0.0,0.0
118196000,0.0049144104,0.0,0.0
118392000,0.0012117729,0.0,0.0
118592000,0.002822506,0.0,0.0
118792000,0.0017617523,0.0,0.0
118992000,0.0029198762,0.0,0.0
119192000,0.0013754166,0.0,0.0
119392000,0.003391261,0.0,0.0
119592000,0.00148077,0.0,0.0
119796000,0.0038577665,0.0,0.0
119996000,0.0013106952,0.0,0.0
120196000,0.0018917936,0.0,0.0
120396000,0.005686044,0.0,0.0
120592000,0.003801674,0.0,0.0
120792000,0.0025373679,0.0,0.0
120992000,0.003717908,0.0,0.0
121192000,0.0013335817,0.0,0.0
121392000,0.0041762698,0.0,0.0
121592000,0.002086122,0.0,0.0
121792000,0.0020671487,0.0,0.0
121992000,0.0034752497,0.0,0.0
122192000,0.00589171,0.0,0.0
122396000,0.011013184,0.0,0.0
122592000,0.002852068,0.0,0.0
122796000,0.0011733135,0.0,0.0
122992000,0.002544666,0.0,0.0
123196000,0.009130199,0.0,0.0
123392000,0.0027774128,0.0,0.0
123592000,0.0014813475,0.0,0.0
123792000,0.0011701145,0.0,0.0
123992000,0.003749179,0.0,0.0
124192000,0.0032719555,0.0,0.0
124392000,0.0031086646,0.0,0.0
124592000,0.002404408,0.0,0.0
124792000,0.008954207,0.0,0.0
124992000,0.0028711788,0.0,0.0
125196000,0.0036777998,0.0,0.0
125392000,0.004226458,0.0,0.0
125592000,0.008024475,0.0,0.0
125796000,0.0043913047,0.0,0.0
125992000,0.0008076882,0.0,0.0
126192000,0.0028620043,0.0,0.0
126392000,0.0030575534,0.0,0.0
126592000,0.0019284114,0.0,0.0
126796000,0.004098946,0.0,0.0
126992000,0.0030952648,0.0,0.0
127192000,0.0026084261,0.0,0.0
127392000,0.0052396995,0.0,0.0
127592000,0.0028990908,0.0,0.0
127796000,0.0011589145,0.0,0.0
127992000,0.004144477,0.0,0.0
128195999,0.02244617,0.0,0.0
128400000,0.007175761,0.0,0.0
128596000,0.0088471845,0.0,0.0
128796000,0.005477903,0.0,0.0
128999999,0.0064681307,0.0,0.0
129200000,0.015465019,0.0,0.0
129403999,0.024910236,0.0,0.0
129604000,0.0038965654,0.0,0.0
129804000,0.009656407,0.0,0.0
130008000,0.017682808,0.0,0.0
130207999,0.019998912,0.0,0.0
130408000,0.0069773793,0.0,0.0
130608000,0.00580591,0.0,0.0
130812000,0.0018268753,0.0,0.0
131016000,0.015488986,0.0,0.0
131216000,0.012285599,0.0,0.0
131420000,0.0112824775,0.0,0.0
131616000,0.005793495,0.0,0.0
131816000,0.0077947993,0.0,0.0
132016000,0.01514498,0.0,0.0
132219999,0.016794533,0.0,0.0
132420000,0.00494048,0.0,0.0
132623999,0.0082378555,0.0,0.0
132824000,0.013583683,0.0,0.0
133023999,0.013295094,0.0,0.0
133228000,0.0026067137,0.0,0.0
133427999,0.0077258917,0.0,0.0
133628000,0.010438191,0.0,0.0
133832000,0.007640366,0.0,0.0
134028000,0.008752157,0.0,0.0
134232000,0.016630476,0.0,0.0
134432000,0.003871012,0.0,0.0
134632000,0.0019675656,0.0,0.0
134828000,0.0030203767,0.0,0.0
135028000,0.005395428,0.0,0.0
135232000,0.005682069,0.0,0.0
135428000,0.0044455505,0.0,0.0
135632000,0.0007196632,0.0,0.0
135832000,0.0052007386,0.0,0.0
136028000,0.003287191,0.0,0.0
136232000,0.0024080141,0.0,0.0
136432000,0.005570764,0.0,0.0
136628000,0.004747162,0.0,0.0
136828000,0.0023609716,0.0,0.0
137028000,0.004308774,0.0,0.0
137228000,0.0024504645,0.0,0.0
137428000,0.008396295,0.0,0.0
137628000,0.0016580423,0.0,0.0
137832000,0.0062927697,0.0,0.0
138028000,0.00091976504,0.0,0.0
138228000,0.0019553714,0.0,0.0
138428000,0.0025775894,0.0,0.0
138628000,0.0027462416,0.0,0.0
138832000,0.007863336,0.0,0.0
139028000,0.0020352344,0.0,0.0
139228000,0.0016401544,0.0,0.0
139432000,0.008155189,0.0,0.0
139632000,0.0048821406,0.0,0.0
139828000,0.0024922865,0.0,0.0
140028000,0.000631692,0.0,0.0
140228000,0.011654073,0.0,0.0
140428000,0.0019357183,0.0,0.0
140628000,0.0012267532,0.0,0.0
140828000,0.0014052272,0.0,0.0
141028000,0.0051940605,0.0,0.0
141228000,0.0038775883,0.0,0.0
141432000,0.002713102,0.0,0.0
141632000,0.0029260882,0.0,0.0
141828000,0.0017833004,0.0,0.0
142028000,0.0025535987,0.0,0.0
142228000,0.002593203,0.0,0.0
142428000,0.0016062851,0.0,0.0
142632000,0.0016303743,0.0,0.0
142828000,0.0022203461,0.0,0.0
143028000,0.0026245697,0.0,0.0
143228000,0.0061952905,0.0,0.0
143428000,0.0026214086,0.0,0.0
143628000,0.0033865361,0.0,0.0
143832000,0.0006051675,0.0,0.0
144032000,0.0008099708,0.0,0.0
144228000,0.0032206527,0.0,0.0
144428000,0.0013350212,0.0,0.0
144628000,0.0021826264,0.0,0.0
144828000,0.0014178705,0.0,0.0
145032000,0.0028031631,0.0,0.0
145232000,0.011505067,0.0,0.0
145428000,0.0025963369,0.0,0.0
145628000,0.005177771,0.0,0.0
145828000,0.0101648355,0.0,0.0
146032000,0.009410955,0.0,0.0
146232000,0.0047566397,0.0,0.0
146428000,0.004746834,0.0,0.0
146628000,0.0013509683,0.0,0.0
146828000,0.0017364674,0.0,0.0
147028000,0.0027534685,0.0,0.0
147228000,0.004907082,0.0,0.0
147428000,0.0018918348,0.0,0.0
147632000,0.00683207,0.0,0.0
147828000,0.0020372507,0.0,0.0
148032000,0.001341582,0.0,0.0
148228000,0.0024142577,0.0,0.0
148428000,0.004743389,0.0,0.0
148628000,0.0074954014,0.0,0.0
148832000,0.0034927696,0.0,0.0
149028000,0.0063461624,0.0,0.0
149228000,0.0008642875,0.0,0.0
149428000,0.0062241694,0.0,0.0
149632000,0.0030325144,0.0,0.0
149832000,0.0029149454,0.0,0.0
150032000,0.0022225142,0.0,0.0
150228000,0.0059087113,0.0,0.0
150428000,0.0033230528,0.0,0.0
150632000,0.008483012,0.0,0.0
150828000,0.0071579185,0.0,0.0
151028000,0.0045837583,0.0,0.0
151228000,0.0042438684,0.0,0.0
151428000,0.0077038016,0.0,0.0
151632000,0.0013226917,0.0,0.0
151828000,0.0030185136,0.0,0.0
152028000,0.0029267347,0.0,0.0
152228000,0.0011941808,0.0,0.0
152428000,0.0044204714,0.0,0.0
152632000,0.0034464942,0.0,0.0
152828000,0.005065892,0.0,0.0
153032000,0.0015711739,0.0,0.0
153228000,0.0018550658,0.0,0.0
153428000,0.0032151942,0.0,0.0
153628000,0.0038473413,0.0,0.0
153828000,0.001138648,0.0,0.0
154032000,0.0024404298,0.0,0.0
154228000,0.0017203194,0.0,0.0
154428000,0.0058856797,0.0,0.0
154632000,0.0031758253,0.0,0.0
154828000,0.009827357,0.0,0.0
155032000,0.0036909853,0.0,0.0
155232000,0.0023202167,0.0,0.0
155428000,0.0012056406,0.0,0.0
155628000,0.0022274489,0.0,0.0
155828000,0.0028219246,0.0,0.0
156028000,0.0061406814,0.0,0.0
156228000,0.007228419,0.0,0.0
156428000,0.0012147797,0.0,0.0
156628000,0.0059820814,0.0,0.0
156828000,0.0054969653,0.0,0.0
157028000,0.0031324755,0.0,0.0
157228000,0.0025564788,0.0,0.0
157432000,0.001435879,0.0,0.0
157628000,0.002531866,0.0,0.0
157828000,0.003985691,0.0,0.0
158028000,0.00456071,0.0,0.0
158228000,0.005790807,0.0,0.0
158428000,0.0024765616,0.0,0.0
158628000,0.0009745679,0.0,0.0
158828000,0.004022608,0.0,0.0
159032000,0.007698371,0.0,0.0
159228000,0.004290265,0.0,0.0
159428000,0.012671491,0.0,0.0
159628000,0.0044960957,0.0,0.0
159828000,0.011380039,0.0,0.0
160032000,0.0027652162,0.0,0.0
160228000,0.002355394,0.0,0.0
160428000,0.0022712348,0.0,0.0
160628000,0.00257893,0.0,0.0
160828000,0.0014834461,0.0,0.0
161028000,0.0020351945,0.0,0.0
161228000,0.0048239287,0.0,0.0
161428000,0.0016767781,0.0,0.0
161628000,0.0031563633,0.0,0.0
161828000,0.0018307607,0.0,0.0
162028000,0.009297441,0.0,0.0
162232000,0.0006191994,0.0,0.0
162428000,0.0041016806,0.0,0.0
162632000,0.0031062132,0.0,0.0
162832000,0.0032830415,0.0,0.0
163028000,0.00252301,0.0,0.0
163228000,0.0033258027,0.0,0.0
163428000,0.002687251,0.0,0.0
163632000,0.002606117,0.0,0.0
163828000,0.0017348109,0.0,0.0
164028000,0.001223173,0.0,0.0
164228000,0.0024433725,0.0,0.0
164428000,0.006961076,0.0,0.0
164628000,0.0015931479,0.0,0.0
164832000,0.0018399138,0.0,0.0
165028000,0.0037097172,0.0,0.0
165228000,0.0008471897,0.0,0.0
165428000,0.005163848,0.0,0.0
165632000,0.004758472,0.0,0.0
165828000,0.0025475107,0.0,0.0
166028000,0.0030974224,0.0,0.0
166232000,0.0061660474,0.0,0.0
166428000,0.008906578,0.0,0.0
166632000,0.004553466,0.0,0.0
166828000,0.0052637337,0.0,0.0
167032000,0.0018500442,0.0,0.0
167228000,0.0044236844,0.0,0.0
167428000,0.0066644526,0.0,0.0
167628000,0.0023863043,0.0,0.0
167832000,0.0024512657,0.0,0.0
168028000,0.010066192,0.0,0.0
168232000,0.0016335535,0.0,0.0
168428000,0.002264547,0.0,0.0
168628000,0.005762966,0.0,0.0
168828000,0.0035050167,0.0,0.0
169032000,0.0030694052,0.0,0.0
169228000,0.0028046179,0.0,0.0
169432000,0.003465914,0.0,0.0
169628000,0.005144218,0.0,0.0
169828000,0.008461266,0.0,0.0
170032000,0.002876169,0.0,0.0
170228000,0.0020826326,0.0,0.0
170432000,0.0049487744,0.0,0.0
170628000,0.002718176,0.0,0.0
170828000,0.005903576,0.0,0.0
171032000,0.0036086924,0.0,0.0
171228000,0.0034786498,0.0,0.0
171432000,0.0048639574,0.0,0.0
171628000,0.0027966048,0.0,0.0
171828000,0.0025470483,0.0,0.0
172032000,0.0035469865,0.0,0.0
172228000,0.0040934975,0.0,0.0
172428000,0.005106762,0.0,0.0
172632000,0.0013684285,0.0,0.0
172828000,0.0043606334,0.0,0.0
173032000,0.001788345,0.0,0.0
173232000,0.0037938624,0.0,0.0
173428000,0.0029071893,0.0,0.0
173628000,0.0003170665,0.0,0.0
173828000,0.008977236,0.0,0.0
174028000,0.0033257785,0.0,0.0
174228000,0.0056260456,0.0,0.0
174432000,0.0024592236,0.0,0.0
174628000,0.00087154063,0.0,0.0
174832000,0.000933425,0.0,0.0
175028000,0.0020559968,0.0,0.0
175232000,0.0030262033,0.0,0.0
175432000,0.00302987,0.0,0.0
175628000,0.0017523589,0.0,0.0
175828000,0.006192744,0.0,0.0
176028000,0.005044868,0.0,0.0
176228000,0.0040040514,0.0,0.0
176432000,0.002905559,0.0,0.0
176628000,0.0057399604,0.0,0.0
176832000,0.0035357627,0.0,0.0
177032000,0.0018074284,0.0,0.0
177228000,0.0010679978,0.0,0.0
177428000,0.0024167146,0.0,0.0
177628000,0.0020686048,0.0,0.0
177828000,0.0025266467,0.0,0.0
178032000,0.004418001,0.0,0.0
178228000,0.008336752,0.0,0.0
178428000,0.0031706272,0.0,0.0
178628000,0.0045595267,0.0,0.0
178828000,0.0009200109,0.0,0.0
179028000,0.0020877712,0.0,0.0
179232000,0.0037722671,0.0,0.0
179428000,0.0022247585,0.0,0.0
179628000,0.0048755277,0.0,0.0
179828000,0.002603741,0.0,0.0
180028000,0.0072782673,0.0,0.0
180228000,0.0028177642,0.0,0.0
180432000,0.0016428328,0.0,0.0
180628000,0.0047132396,0.0,0.0
180828000,0.0043951063,0.0,0.0
181028000,0.0058519607,0.0,0.0
181232000,0.007625108,0.0,0.0
181428000,0.00692172,0.0,0.0
181628000,0.004469142,0.0,0.0
181828000,0.009395362,0.0,0.0
182028000,0.0038813206,0.0,0.0
182228000,0.0024269545,0.0,0.0
182428000,0.003158829,0.0,0.0
182628000,0.0026692578,0.0,0.0
182828000,0.0007905695,0.0,0.0
183028000,0.0025666615,0.0,0.0
183232000,0.0056906585,0.0,0.0
183428000,0.0047656363,0.0,0.0
183628000,0.0058729313,0.0,0.0
183828000,0.0028620514,0.0,0.0
184028000,0.0034318857,0.0,0.0
184228000,0.0022489002,0.0,0.0
184432000,0.0057215043,0.0,0.0
184628000,0.0061672227,0.0,0.0
184828000,0.010414653,0.0,0.0
185032000,0.006107019,0.0,0.0
185228000,0.002405823,0.0,0.0
185428000,0.0011302072,0.0,0.0
185628000,0.0008479071,0.0,0.0
185828000,0.0045439266,0.0,0.0
186032000,0.0074824807,0.0,0.0
186228000,0.0045973244,0.0,0.0
186428000,0.00481463,0.0,0.0
186632000,0.0034504863,0.0,0.0
186832000,0.0008951069,0.0,0.0
187028000,0.003645852,0.0,0.0
187228000,0.006026849,0.0,0.0
187432000,0.008641085,0.0,0.0
187628000,0.0017374231,0.0,0.0
187828000,0.005068027,0.0,0.0
188028000,0.004184014,0.0,0.0
188228000,0.0041395472,0.0,0.0
188428000,0.003277418,0.0,0.0
188628000,0.008829619,0.0,0.0
188832000,0.004996117,0.0,0.0
189028000,0.0045589483,0.0,0.0
189228000,0.008023022,0.0,0.0
189432000,0.006843619,0.0,0.0
189628000,0.003020562,0.0,0.0
189832000,0.0031160787,0.0,0.0
190028000,0.0031867602,0.0,0.0
190228000,0.0069193854,0.0,0.0
190428000,0.0026761082,0.0,0.0
190628000,0.002969328,0.0,0.0
190828000,0.008292063,0.0,0.0
191028000,0.005374667,0.0,0.0
191232000,0.0031328064,0.0,0.0
191428000,0.0067423815,0.0,0.0
191628000,0.003996532,0.0,0.0
191828000,0.005066001,0.0,0.0
192028000,0.0062318617,0.0,0.0
192228000,0.002060217,0.0,0.0
192432000,0.0011025056,0.0,0.0
192632000,0.003780158,0.0,0.0
192832000,0.00077880704,0.0,0.0
193028000,0.0013468022,0.0,0.0
193228000,0.0034098937,0.0,0.0
193432000,0.0030227632,0.0,0.0
193628000,0.0021155016,0.0,0.0
193828000,0.005059859,0.0,0.0
194028000,0.0023232938,0.0,0.0
194228000,0.0042517725,0.0,0.0
194428000,0.009029868,0.0,0.0
194628000,0.0029845953,0.0,0.0
194832000,0.003356341,0.0,0.0
195028000,0.008445196,0.0,0.0
195232000,0.003310084,0.0,0.0
195432000,0.0067690006,0.0,0.0
195628000,0.0060035763,0.0,0.0
195828000,0.0033421917,0.0,0.0
196028000,0.0022949923,0.0,0.0
196228000,0.0032586644,0.0,0.0
196428000,0.0012141932,0.0,0.0
196628000,0.00438896,0.0,0.0
196828000,0.0018796802,0.0,0.0
197028000,0.003403342,0.0,0.0
197228000,0.0024343408,0.0,0.0
197428000,0.0037271283,0.0,0.0
197628000,0.002408046,0.0,0.0
197828000,0.0017059238,0.0,0.0
198028000,0.0015812047,0.0,0.0
198232000,0.0035193828,0.0,0.0
198428000,0.0029901336,0.0,0.0
198628000,0.0009771672,0.0,0.0
198828000,0.00094773824,0.0,0.0
199032000,0.001974277,0.0,0.0
199228000,0.010124647,0.0,0.0
199432000,0.0016218161,0.0,0.0
199628000,0.0020833225,0.0,0.0
199828000,0.0036028735,0.0,0.0
200032000,0.00208767,0.0,0.0
200228000,0.0014516996,0.0,0.0
200432000,0.001693736,0.0,0.0
200628000,0.0036538006,0.0,0.0
200828000,0.006367504,0.0,0.0
201028000,0.0053214827,0.0,0.0
201232000,0.0017290256,0.0,0.0
201428000,0.0044804537,0.0,0.0
201628000,0.011284363,0.0,0.0
201828000,0.0044942666,0.0,0.0
202032000,0.0033205787,0.0,0.0
202232000,0.0022351712,0.0,0.0
202428000,0.0004328364,0.0,0.0
202628000,0.0045668413,0.0,0.0
202828000,0.0015237244,0.0,0.0
203028000,0.0053831064,0.0,0.0
203228000,0.0037233443,0.0,0.0
203428000,0.0037461559,0.0,0.0
203628000,0.0028505935,0.0,0.0
203832000,0.002319473,0.0,0.0
204028000,0.0051018116,0.0,0.0
204228000,0.0032049643,0.0,0.0
204428000,0.003743668,0.0,0.0
204628000,0.00092693744,0.0,0.0
204832000,0.0030182467,0.0,0.0
205032000,0.0067163995,0.0,0.0
205232000,0.004935683,0.0,0.0
205432000,0.003597941,0.0,0.0
205628000,0.0040819957,0.0,0.0
205832000,0.0035778254,0.0,0.0
206028000,0.0017949642,0.0,0.0
206232000,0.005015681,0.0,0.0
206432000,0.0021950947,0.0,0.0
206628000,0.0013433549,0.0,0.0
206828000,0.00249816,0.0,0.0
207028000,0.0020098712,0.0,0.0
207228000,0.0071459943,0.0,0.0
207432000,0.003288274,0.0,0.0
207628000,0.0019028113,0.0,0.0
207828000,0.0036318481,0.0,0.0
208028000,0.0062703257,0.0,0.0
208228000,0.0023057833,0.0,0.0
208428000,0.0019122378,0.0,0.0
208628000,0.0036760538,0.0,0.0
208832000,0.0043718424,0.0,0.0
209028000,0.0037379214,0.0,0.0
209232000,0.003930734,0.0,0.0
209428000,0.0038263483,0.0,0.0
209628000,0.0030843425,0.0,0.0
209832000,0.0027824943,0.0,0.0
210028000,0.0069615925,0.0,0.0
210228000,0.0016067901,0.0,0.0
210428000,0.001843068,0.0,0.0
210628000,0.0042557376,0.0,0.0
210832000,0.0014482762,0.0,0.0
211028000,0.0015681984,0.0,0.0
211228000,0.0042586094,0.0,0.0
211428000,0.0049271793,0.0,0.0
211628000,0.0018378667,0.0,0.0
211828000,0.0033949383,0.0,0.0
212032000,0.0035700204,0.0,0.0
212232000,0.0019559085,0.0,0.0
212428000,0.0034401214,0.0,0.0
212628000,0.0015252705,0.0,0.0
212832000,0.005496771,0.0,0.0
213028000,0.013372368,0.0,0.0
213228000,0.0066143735,0.0,0.0
213432000,0.0021262802,0.0,0.0
213632000,0.0042124256,0.0,0.0
213828000,0.00060966896,0.0,0.0
214028000,0.008526721,0.0,0.0
214228000,0.007500951,0.0,0.0
214428000,0.0033087148,0.0,0.0
214632000,0.0021405737,0.0,0.0
214828000,0.0022350664,0.0,0.0
215028000,0.0011963585,0.0,0.0
215232000,0.0128034195,0.0,0.0
215432000,0.0016621206,0.0,0.0
215628000,0.0032113942,0.0,0.0
215832000,0.003072854,0.0,0.0
216032000,0.0013877657,0.0,0.0
216228000,0.0024008597,0.0,0.0
216428000,0.008696128,0.0,0.0
216628000,0.0022537839,0.0,0.0
216828000,0.0056190686,0.0,0.0
217028000,0.0019329722,0.0,0.0
217232000,0.0032349287,0.0,0.0
217432000,0.0018018697,0.0,0.0
217628000,0.0060967095,0.0,0.0
217828000,0.003073884,0.0,0.0
218032000,0.00837484,0.0,0.0
218228000,0.012011271,0.0,0.0
218428000,0.006464703,0.0,0.0
218628000,0.0015210765,0.0,0.0
218832000,0.0035248674,0.0,0.0
219028000,0.0006112275,0.0,0.0
219228000,0.0035426172,0.0,0.0
219432000,0.0036065863,0.0,0.0
219628000,0.004076435,0.0,0.0
219828000,0.0065855393,0.0,0.0
220028000,0.0017588343,0.0,0.0
220228000,0.0036359222,0.0,0.0
220432000,0.0019810821,0.0,0.0
220628000,0.004215885,0.0,0.0
220828000,0.0015204756,0.0,0.0
221028000,0.004694208,0.0,0.0
221228000,0.0028409085,0.0,0.0
221428000,0.0061698686,0.0,0.0
221628000,0.0028314781,0.0,0.0
221828000,0.007107265,0.0,0.0
222028000,0.0069287117,0.0,0.0
222228000,0.0009758782,0.0,0.0
222428000,0.004484611,0.0,0.0
222628000,0.005273449,0.0,0.0
222828000,0.0024342325,0.0,0.0
223028000,0.001800058,0.0,0.0
223228000,0.0029340799,0.0,0.0
223432000,0.0024958213,0.0,0.0
223628000,0.006822969,0.0,0.0
223828000,0.00043183385,0.0,0.0
224032000,0.0007978978,0.0,0.0
224232000,0.003986595,0.0,0.0
224432000,0.0047873054,0.0,0.0
224628000,0.0064086257,0.0,0.0
224828000,0.011934219,0.0,0.0
225028000,0.003932059,0.0,0.0
225232000,0.0031309528,0.0,0.0
225432000,0.0029644114,0.0,0.0
225628000,0.0030094455,0.0,0.0
225828000,0.0018947163,0.0,0.0
226028000,0.004721976,0.0,0.0
226228000,0.0035839807,0.0,0.0
226432000,0.0025939394,0.0,0.0
226628000,0.0022998636,0.0,0.0
226832000,0.0040819314,0.0,0.0
227028000,0.0049310066,0.0,0.0
227232000,0.0035615608,0.0,0.0
227428000,0.0019495378,0.0,0.0
227628000,0.007506459,0.0,0.0
227832000,0.0080651725,0.0,0.0
228028000,0.0023262058,0.0,0.0
228228000,0.0026809592,0.0,0.0
228428000,0.0016498915,0.0,0.0
228628000,0.0014929913,0.0,0.0
228832000,0.00047557734,0.0,0.0
229028000,0.0026041537,0.0,0.0
229228000,0.005575719,0.0,0.0
229428000,0.001903277,0.0,0.0
229628000,0.0075017097,0.0,0.0
229828000,0.0023484144,0.0,0.0
230028000,0.0026962864,0.0,0.0
230232000,0.0012896453,0.0,0.0
230428000,0.0016435531,0.0,0.0
230632000,0.0035612246,0.0,0.0
230832000,0.0045160875,0.0,0.0
231028000,0.0035898173,0.0,0.0
231228000,0.001318258,0.0,0.0
231428000,0.0015512357,0.0,0.0
231628000,0.005655361,0.0,0.0
231832000,0.0045130313,0.0,0.0
232028000,0.0074707586,0.0,0.0
232228000,0.0036968512,0.0,0.0
232428000,0.007689722,0.0,0.0
232628000,0.0021588362,0.0,0.0
232828000,0.0053029377,0.0,0.0
233028000,0.004516995,0.0,0.0
233232000,0.0027868268,0.0,0.0
233428000,0.002449433,0.0,0.0
233628000,0.0049225003,0.0,0.0
233828000,0.006081728,0.0,0.0
234028000,0.0039442177,0.0,0.0
234228000,0.0031832934,0.0,0.0
234432000,0.0073285643,0.0,0.0
234628000,0.008456216,0.0,0.0
234832000,0.006421802,0.0,0.0
235032000,0.0032776617,0.0,0.0
235228000,0.0013537267,0.0,0.0
235432000,0.005553456,0.0,0.0
235632000,0.0026482446,0.0,0.0
235828000,0.00068335806,0.0,0.0
236032000,0.003017377,0.0,0.0
236232000,0.00408413,0.0,0.0
236428000,0.0029916682,0.0,0.0
236632000,0.0020486836,0.0,0.0
236832000,0.002160789,0.0,0.0
237032000,0.005458491,0.0,0.0
237228000,0.0015341731,0.0,0.0
237428000,0.0026222263,0.0,0.0
237628000,0.002561326,0.0,0.0
237832000,0.0027958085,0.0,0.0
238028000,0.002420109,0.0,0.0
238228000,0.002688445,0.0,0.0
238432000,0.004476994,0.0,0.0
238628000,0.004109417,0.0,0.0
238828000,0.009352225,0.0,0.0
239028000,0.0036316186,0.0,0.0
239228000,0.0054274444,0.0,0.0
239432000,0.0019368374,0.0,0.0
239628000,0.0028661268,0.0,0.0
239828000,0.001473085,0.0,0.0
240032000,0.00214895,0.0,0.0
240228000,0.003170068,0.0,0.0
240428000,0.0030050555,0.0,0.0
240628000,0.004179362,0.0,0.0
240832000,0.0036408228,0.0,0.0
241028000,0.0032570567,0.0,0.0
241232000,0.0014558753,0.0,0.0
241428000,0.0021694105,0.0,0.0
241628000,0.0057834582,0.0,0.0
241828000,0.008773385,0.0,0.0
242028000,0.0031188088,0.0,0.0
242228000,0.0042642625,0.0,0.0
242428000,0.002968839,0.0,0.0
242628000,0.0016179172,0.0,0.0
242828000,0.004305258,0.0,0.0
243028000,0.0028494985,0.0,0.0
243228000,0.0030727112,0.0,0.0
243432000,0.00986881,0.0,0.0
243632000,0.0035845668,0.0,0.0
243828000,0.007893269,0.0,0.0
244028000,0.0013315319,0.0,0.0
244228000,0.0034472232,0.0,0.0
244432000,0.002041197,0.0,0.0
244628000,0.0025757176,0.0,0.0
244828000,0.0066437675,0.0,0.0
245032000,0.007668717,0.0,0.0
245228000,0.0053150384,0.0,0.0
245432000,0.0028907198,0.0,0.0
245628000,0.012218089,0.0,0.0
245828000,0.0014431358,0.0,0.0
246032000,0.0007657397,0.0,0.0
246228000,0.0019068344,0.0,0.0
246428000,0.00444147,0.0,0.0
246632000,0.0041648066,0.0,0.0
246832000,0.006139432,0.0,0.0
247032000,0.005344065,0.0,0.0
247228000,0.0029827664,0.0,0.0
247428000,0.0032249736,0.0,0.0
247628000,0.0033720445,0.0,0.0
247832000,0.0019164132,0.0,0.0
248028000,0.0103715835,0.0,0.0
248228000,0.0016899124,0.0,0.0
248428000,0.0042937347,0.0,0.0
248628000,0.002358885,0.0,0.0
248828000,0.003413739,0.0,0.0
249028000,0.0057575167,0.0,0.0
249228000,0.0137408655,0.0,0.0
249428000,0.0015598568,0.0,0.0
249628000,0.0022978147,0.0,0.0
249832000,0.010071336,0.0,0.0
250028000,0.004511412,0.0,0.0
250228000,0.004362571,0.0,0.0
250428000,0.0057399864,0.0,0.0
250628000,0.0016226121,0.0,0.0
250832000,0.001504346,0.0,0.0
251032000,0.004317196,0.0,0.0
251232000,0.0031499036,0.0,0.0
251428000,0.0021222264,0.0,0.0
251628000,0.0073359706,0.0,0.0
251832000,0.0026830034,0.0,0.0
252028000,0.014421552,0.0,0.0
252228000,0.0018174638,0.0,0.0
252244000,0.0021232998,0.0,0.0
401112000,0.0027562578,0.0,0.0
401312000,0.004092948,0.0,0.0
401516000,0.0029066321,0.0,0.0
401712000,0.0056182053,0.0,0.0
401912000,0.0027411852,0.0,0.0
